Date,Broker,Filename,Total_Trades,Total_Fees,Settlement_Amount,Email_Processed
2025-12-31,mStock,mStock__MA1749301_20251231_COMBINED_MARGIN_STATEMENT.pdf,0,0.0,0.0,True
2025-12-31,mStock,mStock__MA1749301_20251231_COMBINED_MARGIN_STATEMENT_1773860657.pdf,0,0.0,0.0,True
2026-01-01,mStock,mStock__COMM_CONTRACT_20260101_MA1749301_6827764.pdf,0,0.0,0.0,True
2026-01-01,mStock,mStock__COMM_CONTRACT_20260101_MA1749301_6827764_1773860659.pdf,0,0.0,0.0,True
2026-01-01,mStock,mStock__MA1749301_20260101_COMBINED_MARGIN_STATEMENT.pdf,0,0.0,0.0,True
2026-01-01,mStock,mStock__MA1749301_20260101_COMBINED_MARGIN_STATEMENT_1773860659.pdf,0,0.0,0.0,True
2026-01-02,mStock,mStock__COMM_CONTRACT_20260102_MA1749301_6861387.pdf,0,0.0,0.0,True
2026-01-02,mStock,mStock__COMM_CONTRACT_20260102_MA1749301_6861387_1773860660.pdf,0,0.0,0.0,True
2026-01-02,mStock,mStock__MA1749301_20260102_COMBINED_MARGIN_STATEMENT.pdf,0,0.0,0.0,True
2026-01-02,mStock,mStock__MA1749301_20260102_COMBINED_MARGIN_STATEMENT_1773860662.pdf,0,0.0,0.0,True
2026-01-02,mStock,mStock__MA1749301_TRD_20260102_COMBINEDRETAIN.PDF,0,0.0,0.0,True
2026-01-02,mStock,mStock__MA1749301_TRD_20260102_COMBINEDRETAIN_1773860662.PDF,0,0.0,0.0,True
2026-01-05,mStock,mStock__COMM_CONTRACT_20260105_MA1749301_6895805.pdf,0,0.0,0.0,True
2026-01-05,mStock,mStock__COMM_CONTRACT_20260105_MA1749301_6895805_1773860666.pdf,0,0.0,0.0,True
2026-01-05,mStock,mStock__MA1749301_20260105_COMBINED_MARGIN_STATEMENT.pdf,0,0.0,0.0,True
2026-01-05,mStock,mStock__MA1749301_20260105_COMBINED_MARGIN_STATEMENT_1773860667.pdf,0,0.0,0.0,True
2026-01-06,mStock,mStock__COMM_CONTRACT_20260106_MA1749301_6929432.pdf,0,0.0,0.0,True
2026-01-06,mStock,mStock__COMM_CONTRACT_20260106_MA1749301_6929432_1773860669.pdf,0,0.0,0.0,True
2026-01-06,mStock,mStock__MA1749301_20260106_COMBINED_MARGIN_STATEMENT.pdf,0,0.0,0.0,True
2026-01-06,mStock,mStock__MA1749301_20260106_COMBINED_MARGIN_STATEMENT_1773860669.pdf,0,0.0,0.0,True
2026-01-07,mStock,mStock__COMM_CONTRACT_20260107_MA1749301_6964185.pdf,0,0.0,0.0,True
2026-01-07,mStock,mStock__COMM_CONTRACT_20260107_MA1749301_6964185_1773860670.pdf,0,0.0,0.0,True
2026-01-07,mStock,mStock__MA1749301_20260107_COMBINED_MARGIN_STATEMENT.pdf,0,0.0,0.0,True
2026-01-07,mStock,mStock__MA1749301_20260107_COMBINED_MARGIN_STATEMENT_1773860671.pdf,0,0.0,0.0,True
2026-01-08,mStock,mStock__COMM_CONTRACT_20260108_MA1749301_6997990.pdf,0,0.0,0.0,True
2026-01-08,mStock,mStock__COMM_CONTRACT_20260108_MA1749301_6997990_1773860674.pdf,0,0.0,0.0,True
2026-01-08,mStock,mStock__MA1749301_20260108_COMBINED_MARGIN_STATEMENT.pdf,0,0.0,0.0,True
2026-01-08,mStock,mStock__MA1749301_20260108_COMBINED_MARGIN_STATEMENT_1773860675.pdf,0,0.0,0.0,True
2026-01-09,mStock,mStock__COMM_CONTRACT_20260109_MA1749301_7033739.pdf,0,0.0,0.0,True
2026-01-09,mStock,mStock__COMM_CONTRACT_20260109_MA1749301_7033739_1773860676.pdf,0,0.0,0.0,True
2026-01-09,mStock,mStock__MA1749301_20260109_COMBINED_MARGIN_STATEMENT.pdf,0,0.0,0.0,True
2026-01-09,mStock,mStock__MA1749301_20260109_COMBINED_MARGIN_STATEMENT_1773860677.pdf,0,0.0,0.0,True
2026-01-12,mStock,mStock__COMM_CONTRACT_20260112_MA1749301_7067524.pdf,0,0.0,0.0,True
2026-01-12,mStock,mStock__COMM_CONTRACT_20260112_MA1749301_7067524_1773860682.pdf,0,0.0,0.0,True
2026-01-12,mStock,mStock__MA1749301_20260112_COMBINED_MARGIN_STATEMENT.pdf,0,0.0,0.0,True
2026-01-12,mStock,mStock__MA1749301_20260112_COMBINED_MARGIN_STATEMENT_1773860683.pdf,0,0.0,0.0,True
2026-01-12,mStock,mStock__MA1749301_20260112_COMBINED_MARGIN_STATEMENT_1773860684.pdf,0,0.0,0.0,True
2026-01-13,mStock,mStock__COMM_CONTRACT_20260113_MA1749301_7102225.pdf,0,0.0,0.0,True
2026-01-13,mStock,mStock__COMM_CONTRACT_20260113_MA1749301_7102225_1773860686.pdf,0,0.0,0.0,True
2026-01-13,mStock,mStock__MA1749301_20260113_COMBINED_MARGIN_STATEMENT.pdf,0,0.0,0.0,True
2026-01-13,mStock,mStock__MA1749301_20260113_COMBINED_MARGIN_STATEMENT_1773860686.pdf,0,0.0,0.0,True
2026-01-14,mStock,mStock__COMM_CONTRACT_20260114_MA1749301_7137077.pdf,0,0.0,0.0,True
2026-01-14,mStock,mStock__COMM_CONTRACT_20260114_MA1749301_7137077_1773860687.pdf,0,0.0,0.0,True
2026-01-14,mStock,mStock__MA1749301_20260114_COMBINED_MARGIN_STATEMENT.pdf,0,0.0,0.0,True
2026-01-14,mStock,mStock__MA1749301_20260114_COMBINED_MARGIN_STATEMENT_1773860688.pdf,0,0.0,0.0,True
2026-01-16,mStock,mStock__COMM_CONTRACT_20260116_MA1749301_7170744.pdf,0,0.0,0.0,True
2026-01-16,mStock,mStock__COMM_CONTRACT_20260116_MA1749301_7170744_1773860691.pdf,0,0.0,0.0,True
2026-01-16,mStock,mStock__MA1749301_20260116_COMBINED_MARGIN_STATEMENT.pdf,0,0.0,0.0,True
2026-01-16,mStock,mStock__MA1749301_20260116_COMBINED_MARGIN_STATEMENT_1773860692.pdf,0,0.0,0.0,True
2026-01-19,mStock,mStock__COMM_CONTRACT_20260119_MA1749301_7205953.pdf,0,0.0,0.0,True
2026-01-19,mStock,mStock__COMM_CONTRACT_20260119_MA1749301_7205953_1773860694.pdf,0,0.0,0.0,True
2026-01-19,mStock,mStock__MA1749301_20260119_COMBINED_MARGIN_STATEMENT.pdf,0,0.0,0.0,True
2026-01-19,mStock,mStock__MA1749301_20260119_COMBINED_MARGIN_STATEMENT_1773860695.pdf,0,0.0,0.0,True
2026-01-20,mStock,mStock__COMM_CONTRACT_20260120_MA1749301_7242411.pdf,0,0.0,0.0,True
2026-01-20,mStock,mStock__COMM_CONTRACT_20260120_MA1749301_7242411_1773860697.pdf,0,0.0,0.0,True
2026-01-20,mStock,mStock__MA1749301_20260120_COMBINED_MARGIN_STATEMENT.pdf,0,0.0,0.0,True
2026-01-20,mStock,mStock__MA1749301_20260120_COMBINED_MARGIN_STATEMENT_1773860699.pdf,0,0.0,0.0,True
2026-01-21,mStock,mStock__COMM_CONTRACT_20260121_MA1749301_7279705.pdf,0,0.0,0.0,True
2026-01-21,mStock,mStock__COMM_CONTRACT_20260121_MA1749301_7279705_1773860700.pdf,0,0.0,0.0,True
2026-01-21,mStock,mStock__MA1749301_20260121_COMBINED_MARGIN_STATEMENT.pdf,0,0.0,0.0,True
2026-01-21,mStock,mStock__MA1749301_20260121_COMBINED_MARGIN_STATEMENT_1773860701.pdf,0,0.0,0.0,True
2026-01-22,mStock,mStock__COMM_CONTRACT_20260122_MA1749301_7315112.pdf,0,0.0,0.0,True
2026-01-22,mStock,mStock__COMM_CONTRACT_20260122_MA1749301_7315112_1773860701.pdf,0,0.0,0.0,True
2026-01-22,mStock,mStock__MA1749301_20260122_COMBINED_MARGIN_STATEMENT.pdf,0,0.0,0.0,True
2026-01-22,mStock,mStock__MA1749301_20260122_COMBINED_MARGIN_STATEMENT_1773860702.pdf,0,0.0,0.0,True
2026-01-23,mStock,mStock__COMM_CONTRACT_20260123_MA1749301_7350312.pdf,0,0.0,0.0,True
2026-01-23,mStock,mStock__COMM_CONTRACT_20260123_MA1749301_7350312_1773860703.pdf,0,0.0,0.0,True
2026-01-23,mStock,mStock__MA1749301_20260123_COMBINED_MARGIN_STATEMENT.pdf,0,0.0,0.0,True
2026-01-23,mStock,mStock__MA1749301_20260123_COMBINED_MARGIN_STATEMENT_1773860703.pdf,0,0.0,0.0,True
2026-01-27,mStock,mStock__COMM_CONTRACT_20260127_MA1749301_7384816.pdf,0,0.0,0.0,True
2026-01-27,mStock,mStock__COMM_CONTRACT_20260127_MA1749301_7384816_1773860708.pdf,0,0.0,0.0,True
2026-01-27,mStock,mStock__MA1749301_20260127_COMBINED_MARGIN_STATEMENT.pdf,0,0.0,0.0,True
2026-01-27,mStock,mStock__MA1749301_20260127_COMBINED_MARGIN_STATEMENT_1773860709.pdf,0,0.0,0.0,True
2026-01-28,mStock,mStock__COMM_CONTRACT_20260128_MA1749301_7420520.pdf,0,0.0,0.0,True
2026-01-28,mStock,mStock__COMM_CONTRACT_20260128_MA1749301_7420520_1773860710.pdf,0,0.0,0.0,True
2026-01-28,mStock,mStock__MA1749301_20260128_COMBINED_MARGIN_STATEMENT.pdf,0,0.0,0.0,True
2026-01-28,mStock,mStock__MA1749301_20260128_COMBINED_MARGIN_STATEMENT_1773860711.pdf,0,0.0,0.0,True
2026-01-29,mStock,mStock__COMM_CONTRACT_20260129_MA1749301_7455596.pdf,0,0.0,0.0,True
2026-01-29,mStock,mStock__COMM_CONTRACT_20260129_MA1749301_7455596_1773860712.pdf,0,0.0,0.0,True
2026-01-29,mStock,mStock__MA1749301_20260129_COMBINED_MARGIN_STATEMENT.pdf,0,0.0,0.0,True
2026-01-29,mStock,mStock__MA1749301_20260129_COMBINED_MARGIN_STATEMENT_1773860713.pdf,0,0.0,0.0,True
2026-01-30,mStock,mStock__COMM_CONTRACT_20260130_MA1749301_7490981.pdf,0,0.0,0.0,True
2026-01-30,mStock,mStock__COMM_CONTRACT_20260130_MA1749301_7490981_1773860717.pdf,0,0.0,0.0,True
2026-01-30,mStock,mStock__MA1749301_20260130_COMBINED_MARGIN_STATEMENT.pdf,0,0.0,0.0,True
2026-01-30,mStock,mStock__MA1749301_20260130_COMBINED_MARGIN_STATEMENT_1773860718.pdf,0,0.0,0.0,True
2026-02-01,mStock,mStock__COMM_CONTRACT_20260201_MA1749301_7525012.pdf,0,0.0,0.0,True
2026-02-01,mStock,mStock__COMM_CONTRACT_20260201_MA1749301_7525012_1773860720.pdf,0,0.0,0.0,True
2026-02-01,mStock,mStock__MA1749301_20260201_COMBINED_MARGIN_STATEMENT.pdf,0,0.0,0.0,True
2026-02-01,mStock,mStock__MA1749301_20260201_COMBINED_MARGIN_STATEMENT_1773860721.pdf,0,0.0,0.0,True
2026-02-02,mStock,mStock__COMM_CONTRACT_20260202_MA1749301_7560407.pdf,0,0.0,0.0,True
2026-02-02,mStock,mStock__COMM_CONTRACT_20260202_MA1749301_7560407_1773860722.pdf,0,0.0,0.0,True
2026-02-02,mStock,mStock__MA1749301_20260202_COMBINED_MARGIN_STATEMENT.pdf,0,0.0,0.0,True
2026-02-02,mStock,mStock__MA1749301_20260202_COMBINED_MARGIN_STATEMENT_1773860726.pdf,0,0.0,0.0,True
2026-02-03,mStock,mStock__COMM_CONTRACT_20260203_MA1749301_7597246.pdf,0,0.0,0.0,True
2026-02-03,mStock,mStock__COMM_CONTRACT_20260203_MA1749301_7597246_1773860727.pdf,0,0.0,0.0,True
2026-02-03,mStock,mStock__MA1749301_20260203_COMBINED_MARGIN_STATEMENT.pdf,0,0.0,0.0,True
2026-02-03,mStock,mStock__MA1749301_20260203_COMBINED_MARGIN_STATEMENT_1773860728.pdf,0,0.0,0.0,True
2026-02-04,mStock,mStock__COMM_CONTRACT_20260204_MA1749301_7636268.pdf,0,0.0,0.0,True
2026-02-04,mStock,mStock__COMM_CONTRACT_20260204_MA1749301_7636268_1773860729.pdf,0,0.0,0.0,True
2026-02-04,mStock,mStock__MA1749301_20260204_COMBINED_MARGIN_STATEMENT.pdf,0,0.0,0.0,True
2026-02-04,mStock,mStock__MA1749301_20260204_COMBINED_MARGIN_STATEMENT_1773860729.pdf,0,0.0,0.0,True
2026-02-05,mStock,mStock__COMM_CONTRACT_20260205_MA1749301_7671657.pdf,0,0.0,0.0,True
2026-02-05,mStock,mStock__COMM_CONTRACT_20260205_MA1749301_7671657_1773860730.pdf,0,0.0,0.0,True
2026-02-05,mStock,mStock__MA1749301_20260205_COMBINED_MARGIN_STATEMENT.pdf,0,0.0,0.0,True
2026-02-05,mStock,mStock__MA1749301_20260205_COMBINED_MARGIN_STATEMENT_1773860731.pdf,0,0.0,0.0,True
2026-02-06,mStock,mStock__COMM_CONTRACT_20260206_MA1749301_7706004.pdf,0,0.0,0.0,True
2026-02-06,mStock,mStock__COMM_CONTRACT_20260206_MA1749301_7706004_1773860735.pdf,0,0.0,0.0,True
2026-02-06,mStock,mStock__MA1749301_20260206_COMBINED_MARGIN_STATEMENT.pdf,0,0.0,0.0,True
2026-02-06,mStock,mStock__MA1749301_20260206_COMBINED_MARGIN_STATEMENT_1773860736.pdf,0,0.0,0.0,True
2026-02-09,mStock,mStock__COMM_CONTRACT_20260209_MA1749301_7738315.pdf,0,0.0,0.0,True
2026-02-09,mStock,mStock__COMM_CONTRACT_20260209_MA1749301_7738315_1773860737.pdf,0,0.0,0.0,True
2026-02-09,mStock,mStock__MA1749301_20260209_COMBINED_MARGIN_STATEMENT.pdf,0,0.0,0.0,True
2026-02-09,mStock,mStock__MA1749301_20260209_COMBINED_MARGIN_STATEMENT_1773860738.pdf,0,0.0,0.0,True
2026-02-10,mStock,mStock__COMM_CONTRACT_20260210_MA1749301_7773251.pdf,0,0.0,0.0,True
2026-02-10,mStock,mStock__COMM_CONTRACT_20260210_MA1749301_7773251_1773860739.pdf,0,0.0,0.0,True
2026-02-10,mStock,mStock__MA1749301_20260210_COMBINED_MARGIN_STATEMENT.pdf,0,0.0,0.0,True
2026-02-10,mStock,mStock__MA1749301_20260210_COMBINED_MARGIN_STATEMENT_1773860740.pdf,0,0.0,0.0,True
2026-02-11,mStock,mStock__COMM_CONTRACT_20260211_MA1749301_7809279.pdf,0,0.0,0.0,True
2026-02-11,mStock,mStock__COMM_CONTRACT_20260211_MA1749301_7809279_1773860741.pdf,0,0.0,0.0,True
2026-02-11,mStock,mStock__MA1749301_20260211_COMBINED_MARGIN_STATEMENT.pdf,0,0.0,0.0,True
2026-02-11,mStock,mStock__MA1749301_20260211_COMBINED_MARGIN_STATEMENT_1773860744.pdf,0,0.0,0.0,True
2026-02-12,mStock,mStock__COMM_CONTRACT_20260212_MA1749301_7842581.pdf,0,0.0,0.0,True
2026-02-12,mStock,mStock__COMM_CONTRACT_20260212_MA1749301_7842581_1773860745.pdf,0,0.0,0.0,True
2026-02-12,mStock,mStock__MA1749301_20260212_COMBINED_MARGIN_STATEMENT.pdf,0,0.0,0.0,True
2026-02-12,mStock,mStock__MA1749301_20260212_COMBINED_MARGIN_STATEMENT_1773860746.pdf,0,0.0,0.0,True
2026-02-16,mStock,mStock__COMM_CONTRACT_20260216_MA1749301_7911464.pdf,0,0.0,0.0,True
2026-02-16,mStock,mStock__COMM_CONTRACT_20260216_MA1749301_7911464_1773860752.pdf,0,0.0,0.0,True
2026-02-16,mStock,mStock__MA1749301_20260216_COMBINED_MARGIN_STATEMENT.pdf,0,0.0,0.0,True
2026-02-16,mStock,mStock__MA1749301_20260216_COMBINED_MARGIN_STATEMENT_1773860753.pdf,0,0.0,0.0,True
2026-02-17,mStock,mStock__COMM_CONTRACT_20260217_MA1749301_7944864.pdf,0,0.0,0.0,True
2026-02-17,mStock,mStock__COMM_CONTRACT_20260217_MA1749301_7944864_1773860754.pdf,0,0.0,0.0,True
2026-02-17,mStock,mStock__MA1749301_20260217_COMBINED_MARGIN_STATEMENT.pdf,0,0.0,0.0,True
2026-02-17,mStock,mStock__MA1749301_20260217_COMBINED_MARGIN_STATEMENT_1773860755.pdf,0,0.0,0.0,True
2026-02-18,mStock,mStock__COMM_CONTRACT_20260218_MA1749301_7979558.pdf,0,0.0,0.0,True
2026-02-18,mStock,mStock__COMM_CONTRACT_20260218_MA1749301_7979558_1773860756.pdf,0,0.0,0.0,True
2026-02-18,mStock,mStock__MA1749301_20260218_COMBINED_MARGIN_STATEMENT.pdf,0,0.0,0.0,True
2026-02-18,mStock,mStock__MA1749301_20260218_COMBINED_MARGIN_STATEMENT_1773860757.pdf,0,0.0,0.0,True
2026-02-19,mStock,mStock__COMM_CONTRACT_20260219_MA1749301_8012232.pdf,0,0.0,0.0,True
2026-02-19,mStock,mStock__COMM_CONTRACT_20260219_MA1749301_8012232_1773860758.pdf,0,0.0,0.0,True
2026-02-19,mStock,mStock__MA1749301_20260219_COMBINED_MARGIN_STATEMENT.pdf,0,0.0,0.0,True
2026-02-19,mStock,mStock__MA1749301_20260219_COMBINED_MARGIN_STATEMENT_1773860761.pdf,0,0.0,0.0,True
2026-02-20,mStock,mStock__COMM_CONTRACT_20260220_MA1749301_8045526.pdf,0,0.0,0.0,True
2026-02-20,mStock,mStock__COMM_CONTRACT_20260220_MA1749301_8045526_1773860762.pdf,0,0.0,0.0,True
2026-02-20,mStock,mStock__MA1749301_20260220_COMBINED_MARGIN_STATEMENT.pdf,0,0.0,0.0,True
2026-02-20,mStock,mStock__MA1749301_20260220_COMBINED_MARGIN_STATEMENT_1773860763.pdf,0,0.0,0.0,True
2026-02-23,mStock,mStock__COMM_CONTRACT_20260223_MA1749301_8077180.pdf,0,0.0,0.0,True
2026-02-23,mStock,mStock__COMM_CONTRACT_20260223_MA1749301_8077180_1773860765.pdf,0,0.0,0.0,True
2026-02-23,mStock,mStock__MA1749301_20260223_COMBINED_MARGIN_STATEMENT.pdf,0,0.0,0.0,True
2026-02-23,mStock,mStock__MA1749301_20260223_COMBINED_MARGIN_STATEMENT_1773860766.pdf,0,0.0,0.0,True
2026-02-24,mStock,mStock__COMM_CONTRACT_20260224_MA1749301_8111441.pdf,0,0.0,0.0,True
2026-02-24,mStock,mStock__COMM_CONTRACT_20260224_MA1749301_8111441_1773860770.pdf,0,0.0,0.0,True
2026-02-24,mStock,mStock__MA1749301_20260224_COMBINED_MARGIN_STATEMENT.pdf,0,0.0,0.0,True
2026-02-24,mStock,mStock__MA1749301_20260224_COMBINED_MARGIN_STATEMENT_1773860771.pdf,0,0.0,0.0,True
2026-02-25,mStock,mStock__COMM_CONTRACT_20260225_MA1749301_8147317.pdf,0,0.0,0.0,True
2026-02-25,mStock,mStock__COMM_CONTRACT_20260225_MA1749301_8147317_1773860772.pdf,0,0.0,0.0,True
2026-02-25,mStock,mStock__MA1749301_20260225_COMBINED_MARGIN_STATEMENT.pdf,0,0.0,0.0,True
2026-02-25,mStock,mStock__MA1749301_20260225_COMBINED_MARGIN_STATEMENT_1773860772.pdf,0,0.0,0.0,True
2026-02-26,mStock,mStock__COMM_CONTRACT_20260226_MA1749301_8180412.pdf,0,0.0,0.0,True
2026-02-26,mStock,mStock__COMM_CONTRACT_20260226_MA1749301_8180412_1773860773.pdf,0,0.0,0.0,True
2026-02-26,mStock,mStock__MA1749301_20260226_COMBINED_MARGIN_STATEMENT.pdf,0,0.0,0.0,True
2026-02-26,mStock,mStock__MA1749301_20260226_COMBINED_MARGIN_STATEMENT_1773860774.pdf,0,0.0,0.0,True
2026-02-27,mStock,mStock__COMM_CONTRACT_20260227_MA1749301_8213337.pdf,0,0.0,0.0,True
2026-02-27,mStock,mStock__COMM_CONTRACT_20260227_MA1749301_8213337_1773860775.pdf,0,0.0,0.0,True
2026-02-27,mStock,mStock__MA1749301_20260227_COMBINED_MARGIN_STATEMENT.pdf,0,0.0,0.0,True
2026-02-27,mStock,mStock__MA1749301_20260227_COMBINED_MARGIN_STATEMENT_1773860777.pdf,0,0.0,0.0,True
2026-03-02,mStock,mStock__COMM_CONTRACT_20260302_MA1749301_8246847.pdf,0,0.0,0.0,True
2026-03-02,mStock,mStock__COMM_CONTRACT_20260302_MA1749301_8246847_1773860782.pdf,0,0.0,0.0,True
2026-03-02,mStock,mStock__MA1749301_20260302_COMBINED_MARGIN_STATEMENT.pdf,0,0.0,0.0,True
2026-03-02,mStock,mStock__MA1749301_20260302_COMBINED_MARGIN_STATEMENT_1773860783.pdf,0,0.0,0.0,True
2026-03-04,mStock,mStock__COMM_CONTRACT_20260304_MA1749301_8284606.pdf,0,0.0,0.0,True
2026-03-04,mStock,mStock__COMM_CONTRACT_20260304_MA1749301_8284606_1773860784.pdf,0,0.0,0.0,True
2026-03-04,mStock,mStock__MA1749301_20260304_COMBINED_MARGIN_STATEMENT.pdf,0,0.0,0.0,True
2026-03-04,mStock,mStock__MA1749301_20260304_COMBINED_MARGIN_STATEMENT_1773860785.pdf,0,0.0,0.0,True
2026-03-05,mStock,mStock__COMM_CONTRACT_20260305_MA1749301_8318615.pdf,0,0.0,0.0,True
2026-03-05,mStock,mStock__COMM_CONTRACT_20260305_MA1749301_8318615_1773860786.pdf,0,0.0,0.0,True
2026-03-05,mStock,mStock__MA1749301_20260305_COMBINED_MARGIN_STATEMENT.pdf,0,0.0,0.0,True
2026-03-05,mStock,mStock__MA1749301_20260305_COMBINED_MARGIN_STATEMENT_1773860787.pdf,0,0.0,0.0,True
2026-03-06,mStock,mStock__COMM_CONTRACT_20260306_MA1749301_8352337.pdf,0,0.0,0.0,True
2026-03-06,mStock,mStock__COMM_CONTRACT_20260306_MA1749301_8352337_1773860788.pdf,0,0.0,0.0,True
2026-03-06,mStock,mStock__MA1749301_20260306_COMBINED_MARGIN_STATEMENT.pdf,0,0.0,0.0,True
2026-03-06,mStock,mStock__MA1749301_20260306_COMBINED_MARGIN_STATEMENT_1773860791.pdf,0,0.0,0.0,True
2026-03-09,mStock,mStock__COMM_CONTRACT_20260309_MA1749301_8383705.pdf,0,0.0,0.0,True
2026-03-09,mStock,mStock__COMM_CONTRACT_20260309_MA1749301_8383705_1773860794.pdf,0,0.0,0.0,True
2026-03-09,mStock,mStock__MA1749301_20260309_COMBINED_MARGIN_STATEMENT.pdf,0,0.0,0.0,True
2026-03-09,mStock,mStock__MA1749301_20260309_COMBINED_MARGIN_STATEMENT_1773860794.pdf,0,0.0,0.0,True
2026-03-10,mStock,mStock__COMM_CONTRACT_20260310_MA1749301_8417526.pdf,0,0.0,0.0,True
2026-03-10,mStock,mStock__COMM_CONTRACT_20260310_MA1749301_8417526_1773860797.pdf,0,0.0,0.0,True
2026-03-10,mStock,mStock__MA1749301_20260310_COMBINED_MARGIN_STATEMENT.pdf,0,0.0,0.0,True
2026-03-10,mStock,mStock__MA1749301_20260310_COMBINED_MARGIN_STATEMENT_1773860800.pdf,0,0.0,0.0,True
2026-03-11,mStock,mStock__COMM_CONTRACT_20260311_MA1749301_8451279.pdf,0,0.0,0.0,True
2026-03-11,mStock,mStock__COMM_CONTRACT_20260311_MA1749301_8451279_1773860801.pdf,0,0.0,0.0,True
2026-03-11,mStock,mStock__MA1749301_20260311_COMBINED_MARGIN_STATEMENT.pdf,0,0.0,0.0,True
2026-03-11,mStock,mStock__MA1749301_20260311_COMBINED_MARGIN_STATEMENT_1773860801.pdf,0,0.0,0.0,True
2026-03-12,mStock,mStock__COMM_CONTRACT_20260312_MA1749301_8483244.pdf,0,0.0,0.0,True
2026-03-12,mStock,mStock__COMM_CONTRACT_20260312_MA1749301_8483244_1773860802.pdf,0,0.0,0.0,True
2026-03-12,mStock,mStock__MA1749301_20260312_COMBINED_MARGIN_STATEMENT.pdf,0,0.0,0.0,True
2026-03-12,mStock,mStock__MA1749301_20260312_COMBINED_MARGIN_STATEMENT_1773860802.pdf,0,0.0,0.0,True
2026-03-13,mStock,mStock__COMM_CONTRACT_20260313_MA1749301_8516119.pdf,0,0.0,0.0,True
2026-03-13,mStock,mStock__COMM_CONTRACT_20260313_MA1749301_8516119_1773860803.pdf,0,0.0,0.0,True
2026-03-13,mStock,mStock__MA1749301_20260313_COMBINED_MARGIN_STATEMENT.pdf,0,0.0,0.0,True
2026-03-13,mStock,mStock__MA1749301_20260313_COMBINED_MARGIN_STATEMENT_1773860804.pdf,0,0.0,0.0,True
2026-03-16,mStock,mStock__COMM_CONTRACT_20260316_MA1749301_8548635.pdf,0,0.0,0.0,True
2026-03-16,mStock,mStock__COMM_CONTRACT_20260316_MA1749301_8548635_1773860809.pdf,0,0.0,0.0,True
2026-03-16,mStock,mStock__MA1749301_20260316_COMBINED_MARGIN_STATEMENT.pdf,0,0.0,0.0,True
2026-03-16,mStock,mStock__MA1749301_20260316_COMBINED_MARGIN_STATEMENT_1773860809.pdf,0,0.0,0.0,True
2026-03-17,mStock,mStock__COMM_CONTRACT_20260317_MA1749301_8580696.pdf,0,0.0,0.0,True
2026-03-17,mStock,mStock__COMM_CONTRACT_20260317_MA1749301_8580696_1773860811.pdf,0,0.0,0.0,True
2026-03-17,mStock,mStock__MA1749301_20260317_COMBINED_MARGIN_STATEMENT.pdf,0,0.0,0.0,True
2026-03-17,mStock,mStock__MA1749301_20260317_COMBINED_MARGIN_STATEMENT_1773860811.pdf,0,0.0,0.0,True
2026-03-18,mStock,mStock__COMM_CONTRACT_20260318_MA1749301_8612846.pdf,0,0.0,0.0,True
2026-03-18,mStock,mStock__COMM_CONTRACT_20260318_MA1749301_8612846_1773860815.pdf,0,0.0,0.0,True
2026-02-13,Groww,Groww__Contract_Note_4810259443_13-Feb-2026.pdf,0,0.0,0.0,True
2026-02-13,Groww,Groww__Contract_Note_4810259443_13-Feb-2026_1773860903.pdf,0,0.0,0.0,True
2026-02-16,Groww,Groww__Contract_Note_4810259443_16-Feb-2026.pdf,0,0.0,0.0,True
2026-02-16,Groww,Groww__Contract_Note_4810259443_16-Feb-2026_1773860907.pdf,0,0.0,0.0,True
2026-02-17,Groww,Groww__Contract_Note_4810259443_17-Feb-2026.pdf,0,0.0,0.0,True
2026-02-17,Groww,Groww__Contract_Note_4810259443_17-Feb-2026_1773860915.pdf,0,0.0,0.0,True
2026-02-18,Groww,Groww__Contract_Note_4810259443_18-Feb-2026.pdf,0,0.0,0.0,True
2026-02-18,Groww,Groww__Contract_Note_4810259443_18-Feb-2026_1773860917.pdf,0,0.0,0.0,True
2026-02-19,Groww,Groww__Contract_Note_4810259443_19-Feb-2026.pdf,0,0.0,0.0,True
2026-02-19,Groww,Groww__Contract_Note_4810259443_19-Feb-2026_1773860919.pdf,0,0.0,0.0,True
2026-02-20,Groww,Groww__Contract_Note_4810259443_20-Feb-2026.pdf,0,0.0,0.0,True
2026-02-20,Groww,Groww__Contract_Note_4810259443_20-Feb-2026_1773860924.pdf,0,0.0,0.0,True
2026-02-23,Groww,Groww__Contract_Note_4810259443_23-Feb-2026.pdf,0,0.0,0.0,True
2026-02-23,Groww,Groww__Contract_Note_4810259443_23-Feb-2026_1773860926.pdf,0,0.0,0.0,True
2026-02-24,Groww,Groww__Contract_Note_4810259443_24-Feb-2026.pdf,0,0.0,0.0,True
2026-02-24,Groww,Groww__Contract_Note_4810259443_24-Feb-2026_1773860928.pdf,0,0.0,0.0,True
2026-02-25,Groww,Groww__Contract_Note_4810259443_25-Feb-2026.pdf,0,0.0,0.0,True
2026-02-25,Groww,Groww__Contract_Note_4810259443_25-Feb-2026_1773860933.pdf,0,0.0,0.0,True
2026-02-26,Groww,Groww__Contract_Note_4810259443_26-Feb-2026.pdf,0,0.0,0.0,True
2026-02-26,Groww,Groww__Contract_Note_4810259443_26-Feb-2026_1773860937.pdf,0,0.0,0.0,True
2026-02-27,Groww,Groww__Contract_Note_4810259443_27-Feb-2026.pdf,0,0.0,0.0,True
2026-02-27,Groww,Groww__Contract_Note_4810259443_27-Feb-2026_1773860943.pdf,0,0.0,0.0,True
2026-03-02,Groww,Groww__Contract_Note_4810259443_02-Mar-2026.pdf,0,0.0,0.0,True
2026-03-02,Groww,Groww__Contract_Note_4810259443_02-Mar-2026_1773860946.pdf,0,0.0,0.0,True
2026-03-04,Groww,Groww__Contract_Note_4810259443_04-Mar-2026.pdf,0,0.0,0.0,True
2026-03-04,Groww,Groww__Contract_Note_4810259443_04-Mar-2026_1773860952.pdf,0,0.0,0.0,True
2026-03-05,Groww,Groww__Contract_Note_4810259443_05-Mar-2026.pdf,0,0.0,0.0,True
2026-03-05,Groww,Groww__Contract_Note_4810259443_05-Mar-2026_1773860955.pdf,0,0.0,0.0,True
2026-03-06,Groww,Groww__Contract_Note_4810259443_06-Mar-2026.pdf,0,0.0,0.0,True
2026-03-06,Groww,Groww__Contract_Note_4810259443_06-Mar-2026_1773860956.pdf,0,0.0,0.0,True
2026-03-09,Groww,Groww__Contract_Note_4810259443_09-Mar-2026.pdf,0,0.0,0.0,True
2026-03-09,Groww,Groww__Contract_Note_4810259443_09-Mar-2026_1773860964.pdf,0,0.0,0.0,True
2026-03-10,Groww,Groww__Contract_Note_4810259443_10-Mar-2026.pdf,0,0.0,0.0,True
2026-03-10,Groww,Groww__Contract_Note_4810259443_10-Mar-2026_1773860966.pdf,0,0.0,0.0,True
2026-03-11,Groww,Groww__Contract_Note_4810259443_11-Mar-2026.pdf,0,0.0,0.0,True
2026-03-11,Groww,Groww__Contract_Note_4810259443_11-Mar-2026_1773860970.pdf,0,0.0,0.0,True
2026-03-12,Groww,Groww__Contract_Note_4810259443_12-Mar-2026.pdf,0,0.0,0.0,True
2026-03-12,Groww,Groww__Contract_Note_4810259443_12-Mar-2026_1773860973.pdf,0,0.0,0.0,True
2026-03-13,Groww,Groww__Contract_Note_4810259443_13-Mar-2026.pdf,0,0.0,0.0,True
2026-03-13,Groww,Groww__Contract_Note_4810259443_13-Mar-2026_1773860979.pdf,0,0.0,0.0,True
2026-03-16,Groww,Groww__Contract_Note_4810259443_16-Mar-2026.pdf,0,0.0,0.0,True
2026-03-16,Groww,Groww__Contract_Note_4810259443_16-Mar-2026_1773860983.pdf,0,0.0,0.0,True
2026-03-17,Groww,Groww__Contract_Note_4810259443_17-Mar-2026.pdf,0,0.0,0.0,True
2026-03-17,Groww,Groww__Contract_Note_4810259443_17-Mar-2026_1773860988.pdf,0,0.0,0.0,True
2026-03-18,Groww,Groww__Contract_Note_4810259443_18-Mar-2026.pdf,0,0.0,0.0,True
2026-03-18,Groww,Groww__Contract_Note_4810259443_18-Mar-2026_1773860990.pdf,0,0.0,0.0,True
2026-02-24,mStock,mStock__MA1749301_20260224_COMBINED_MARGIN_STATEMENT_1773905677.pdf,0,0.0,0.0,True
2026-02-25,mStock,mStock__COMM_CONTRACT_20260225_MA1749301_8147317_1773905678.pdf,0,0.0,0.0,True
2026-02-25,mStock,mStock__MA1749301_20260225_COMBINED_MARGIN_STATEMENT_1773905679.pdf,0,0.0,0.0,True
2026-02-26,mStock,mStock__COMM_CONTRACT_20260226_MA1749301_8180412_1773905680.pdf,0,0.0,0.0,True
2026-02-26,mStock,mStock__MA1749301_20260226_COMBINED_MARGIN_STATEMENT_1773905680.pdf,0,0.0,0.0,True
2026-02-27,mStock,mStock__COMM_CONTRACT_20260227_MA1749301_8213337_1773905681.pdf,0,0.0,0.0,True
2026-02-27,mStock,mStock__MA1749301_20260227_COMBINED_MARGIN_STATEMENT_1773905682.pdf,0,0.0,0.0,True
2026-03-02,mStock,mStock__COMM_CONTRACT_20260302_MA1749301_8246847_1773905685.pdf,0,0.0,0.0,True
2026-03-02,mStock,mStock__MA1749301_20260302_COMBINED_MARGIN_STATEMENT_1773905688.pdf,0,0.0,0.0,True
2026-03-04,mStock,mStock__COMM_CONTRACT_20260304_MA1749301_8284606_1773905689.pdf,0,0.0,0.0,True
2026-03-04,mStock,mStock__MA1749301_20260304_COMBINED_MARGIN_STATEMENT_1773905690.pdf,0,0.0,0.0,True
2026-03-05,mStock,mStock__COMM_CONTRACT_20260305_MA1749301_8318615_1773905691.pdf,0,0.0,0.0,True
2026-03-05,mStock,mStock__MA1749301_20260305_COMBINED_MARGIN_STATEMENT_1773905692.pdf,0,0.0,0.0,True
2026-03-06,mStock,mStock__COMM_CONTRACT_20260306_MA1749301_8352337_1773905693.pdf,0,0.0,0.0,True
2026-03-06,mStock,mStock__MA1749301_20260306_COMBINED_MARGIN_STATEMENT_1773905694.pdf,0,0.0,0.0,True
2026-03-09,mStock,mStock__COMM_CONTRACT_20260309_MA1749301_8383705_1773905698.pdf,0,0.0,0.0,True
2026-03-09,mStock,mStock__MA1749301_20260309_COMBINED_MARGIN_STATEMENT_1773905699.pdf,0,0.0,0.0,True
2026-03-10,mStock,mStock__COMM_CONTRACT_20260310_MA1749301_8417526_1773905702.pdf,0,0.0,0.0,True
2026-03-10,mStock,mStock__MA1749301_20260310_COMBINED_MARGIN_STATEMENT_1773905703.pdf,0,0.0,0.0,True
2026-03-11,mStock,mStock__COMM_CONTRACT_20260311_MA1749301_8451279_1773905706.pdf,0,0.0,0.0,True
2026-03-11,mStock,mStock__MA1749301_20260311_COMBINED_MARGIN_STATEMENT_1773905707.pdf,0,0.0,0.0,True
2026-03-12,mStock,mStock__COMM_CONTRACT_20260312_MA1749301_8483244_1773905707.pdf,0,0.0,0.0,True
2026-03-12,mStock,mStock__MA1749301_20260312_COMBINED_MARGIN_STATEMENT_1773905708.pdf,0,0.0,0.0,True
2026-03-13,mStock,mStock__COMM_CONTRACT_20260313_MA1749301_8516119_1773905708.pdf,0,0.0,0.0,True
2026-03-13,mStock,mStock__MA1749301_20260313_COMBINED_MARGIN_STATEMENT_1773905709.pdf,0,0.0,0.0,True
2026-03-16,mStock,mStock__COMM_CONTRACT_20260316_MA1749301_8548635_1773905711.pdf,0,0.0,0.0,True
2026-03-16,mStock,mStock__MA1749301_20260316_COMBINED_MARGIN_STATEMENT_1773905714.pdf,0,0.0,0.0,True
2026-03-17,mStock,mStock__COMM_CONTRACT_20260317_MA1749301_8580696_1773905716.pdf,0,0.0,0.0,True
2026-03-17,mStock,mStock__MA1749301_20260317_COMBINED_MARGIN_STATEMENT_1773905716.pdf,0,0.0,0.0,True
2026-03-18,mStock,mStock__COMM_CONTRACT_20260318_MA1749301_8612846_1773905719.pdf,0,0.0,0.0,True
2026-03-18,mStock,mStock__MA1749301_20260318_COMBINED_MARGIN_STATEMENT.pdf,0,0.0,0.0,True
2026-03-18,mStock,mStock__MA1749301_20260318_COMBINED_MARGIN_STATEMENT_1773905719.pdf,0,0.0,0.0,True
2026-03-02,Groww,Groww__Contract_Note_4810259443_02-Mar-2026_1773905725.pdf,0,0.0,0.0,True
2026-03-04,Groww,Groww__Contract_Note_4810259443_04-Mar-2026_1773905729.pdf,0,0.0,0.0,True
2026-03-05,Groww,Groww__Contract_Note_4810259443_05-Mar-2026_1773905734.pdf,0,0.0,0.0,True
2026-03-06,Groww,Groww__Contract_Note_4810259443_06-Mar-2026_1773905736.pdf,0,0.0,0.0,True
2026-03-09,Groww,Groww__Contract_Note_4810259443_09-Mar-2026_1773905744.pdf,0,0.0,0.0,True
2026-03-10,Groww,Groww__Contract_Note_4810259443_10-Mar-2026_1773905745.pdf,0,0.0,0.0,True
2026-03-11,Groww,Groww__Contract_Note_4810259443_11-Mar-2026_1773905748.pdf,0,0.0,0.0,True
2026-03-12,Groww,Groww__Contract_Note_4810259443_12-Mar-2026_1773905753.pdf,0,0.0,0.0,True
2026-03-13,Groww,Groww__Contract_Note_4810259443_13-Mar-2026_1773905756.pdf,0,0.0,0.0,True
2026-03-16,Groww,Groww__Contract_Note_4810259443_16-Mar-2026_1773905762.pdf,0,0.0,0.0,True
2026-03-17,Groww,Groww__Contract_Note_4810259443_17-Mar-2026_1773905765.pdf,0,0.0,0.0,True
2026-03-18,Groww,Groww__Contract_Note_4810259443_18-Mar-2026_1773905767.pdf,0,0.0,0.0,True
2026-02-27,mStock,mStock__MA1749301_20260227_COMBINED_MARGIN_STATEMENT_1774247343.pdf,0,0.0,0.0,True
2026-03-02,mStock,mStock__COMM_CONTRACT_20260302_MA1749301_8246847_1774247344.pdf,0,0.0,0.0,True
2026-03-02,mStock,mStock__MA1749301_20260302_COMBINED_MARGIN_STATEMENT_1774247345.pdf,0,0.0,0.0,True
2026-03-04,mStock,mStock__COMM_CONTRACT_20260304_MA1749301_8284606_1774247347.pdf,0,0.0,0.0,True
2026-03-04,mStock,mStock__MA1749301_20260304_COMBINED_MARGIN_STATEMENT_1774247347.pdf,0,0.0,0.0,True
2026-03-05,mStock,mStock__COMM_CONTRACT_20260305_MA1749301_8318615_1774247348.pdf,0,0.0,0.0,True
2026-03-05,mStock,mStock__MA1749301_20260305_COMBINED_MARGIN_STATEMENT_1774247352.pdf,0,0.0,0.0,True
2026-03-06,mStock,mStock__COMM_CONTRACT_20260306_MA1749301_8352337_1774247354.pdf,0,0.0,0.0,True
2026-03-06,mStock,mStock__MA1749301_20260306_COMBINED_MARGIN_STATEMENT_1774247354.pdf,0,0.0,0.0,True
2026-03-06,mStock,mStock__MA1749301_20260306_COMBINED_MARGIN_STATEMENT_1774247355.pdf,0,0.0,0.0,True
2026-03-09,mStock,mStock__COMM_CONTRACT_20260309_MA1749301_8383705_1774247357.pdf,0,0.0,0.0,True
2026-03-09,mStock,mStock__MA1749301_20260309_COMBINED_MARGIN_STATEMENT_1774247357.pdf,0,0.0,0.0,True
2026-03-10,mStock,mStock__COMM_CONTRACT_20260310_MA1749301_8417526_1774247363.pdf,0,0.0,0.0,True
2026-03-10,mStock,mStock__MA1749301_20260310_COMBINED_MARGIN_STATEMENT_1774247363.pdf,0,0.0,0.0,True
2026-03-11,mStock,mStock__COMM_CONTRACT_20260311_MA1749301_8451279_1774247364.pdf,0,0.0,0.0,True
2026-03-11,mStock,mStock__MA1749301_20260311_COMBINED_MARGIN_STATEMENT_1774247365.pdf,0,0.0,0.0,True
2026-03-12,mStock,mStock__COMM_CONTRACT_20260312_MA1749301_8483244_1774247365.pdf,0,0.0,0.0,True
2026-03-12,mStock,mStock__MA1749301_20260312_COMBINED_MARGIN_STATEMENT_1774247366.pdf,0,0.0,0.0,True
2026-03-13,mStock,mStock__COMM_CONTRACT_20260313_MA1749301_8516119_1774247367.pdf,0,0.0,0.0,True
2026-03-13,mStock,mStock__MA1749301_20260313_COMBINED_MARGIN_STATEMENT_1774247367.pdf,0,0.0,0.0,True
2026-03-16,mStock,mStock__COMM_CONTRACT_20260316_MA1749301_8548635_1774247372.pdf,0,0.0,0.0,True
2026-03-16,mStock,mStock__MA1749301_20260316_COMBINED_MARGIN_STATEMENT_1774247373.pdf,0,0.0,0.0,True
2026-03-17,mStock,mStock__COMM_CONTRACT_20260317_MA1749301_8580696_1774247374.pdf,0,0.0,0.0,True
2026-03-17,mStock,mStock__MA1749301_20260317_COMBINED_MARGIN_STATEMENT_1774247375.pdf,0,0.0,0.0,True
2026-03-18,mStock,mStock__COMM_CONTRACT_20260318_MA1749301_8612846_1774247384.pdf,0,0.0,0.0,True
2026-03-18,mStock,mStock__MA1749301_20260318_COMBINED_MARGIN_STATEMENT_1774247385.pdf,0,0.0,0.0,True
2026-03-20,mStock,mStock__COMM_CONTRACT_20260320_MA1749301_8676386.pdf,0,0.0,0.0,True
2026-03-20,mStock,mStock__COMM_CONTRACT_20260320_MA1749301_8676386_1774247386.pdf,0,0.0,0.0,True
2026-03-20,mStock,mStock__MA1749301_20260320_COMBINED_MARGIN_STATEMENT.pdf,0,0.0,0.0,True
2026-03-20,mStock,mStock__MA1749301_20260320_COMBINED_MARGIN_STATEMENT_1774247387.pdf,0,0.0,0.0,True
2026-03-04,Groww,Groww__Contract_Note_4810259443_04-Mar-2026_1774247393.pdf,0,0.0,0.0,True
2026-03-05,Groww,Groww__Contract_Note_4810259443_05-Mar-2026_1774247395.pdf,0,0.0,0.0,True
2026-03-06,Groww,Groww__Contract_Note_4810259443_06-Mar-2026_1774247396.pdf,0,0.0,0.0,True
2026-03-09,Groww,Groww__Contract_Note_4810259443_09-Mar-2026_1774247403.pdf,0,0.0,0.0,True
2026-03-10,Groww,Groww__Contract_Note_4810259443_10-Mar-2026_1774247405.pdf,0,0.0,0.0,True
2026-03-11,Groww,Groww__Contract_Note_4810259443_11-Mar-2026_1774247408.pdf,0,0.0,0.0,True
2026-03-12,Groww,Groww__Contract_Note_4810259443_12-Mar-2026_1774247413.pdf,0,0.0,0.0,True
2026-03-13,Groww,Groww__Contract_Note_4810259443_13-Mar-2026_1774247416.pdf,0,0.0,0.0,True
2026-03-16,Groww,Groww__Contract_Note_4810259443_16-Mar-2026_1774247422.pdf,0,0.0,0.0,True
2026-03-17,Groww,Groww__Contract_Note_4810259443_17-Mar-2026_1774247425.pdf,0,0.0,0.0,True
2026-03-18,Groww,Groww__Contract_Note_4810259443_18-Mar-2026_1774247428.pdf,0,0.0,0.0,True
2026-03-19,Groww,Groww__Contract_Note_4810259443_19-Mar-2026.pdf,0,0.0,0.0,True
2026-03-19,Groww,Groww__Contract_Note_4810259443_19-Mar-2026_1774247433.pdf,0,0.0,0.0,True
2026-03-20,Groww,Groww__Contract_Note_4810259443_20-Mar-2026.pdf,0,0.0,0.0,True
2026-03-20,Groww,Groww__Contract_Note_4810259443_20-Mar-2026_1774247434.pdf,0,0.0,0.0,True
