Filename,Broker,Source,DownloadedAt,SizeKB
mStock__MA1749301_20251231_COMBINED_MARGIN_STATEMENT.pdf,mStock,reports@mstock.com,2026-03-19T00:34:17.476817,43.8
mStock__MA1749301_20251231_COMBINED_MARGIN_STATEMENT_1773860657.pdf,mStock,reports@mstock.com,2026-03-19T00:34:17.484393,43.8
mStock__COMM_CONTRACT_20260101_MA1749301_6827764.pdf,mStock,reports@mstock.com,2026-03-19T00:34:19.174479,89.5
mStock__COMM_CONTRACT_20260101_MA1749301_6827764_1773860659.pdf,mStock,reports@mstock.com,2026-03-19T00:34:19.186840,89.5
mStock__MA1749301_20260101_COMBINED_MARGIN_STATEMENT.pdf,mStock,reports@mstock.com,2026-03-19T00:34:19.728305,44.5
mStock__MA1749301_20260101_COMBINED_MARGIN_STATEMENT_1773860659.pdf,mStock,reports@mstock.com,2026-03-19T00:34:19.740833,44.5
mStock__COMM_CONTRACT_20260102_MA1749301_6861387.pdf,mStock,reports@mstock.com,2026-03-19T00:34:20.469055,71.7
mStock__COMM_CONTRACT_20260102_MA1749301_6861387_1773860660.pdf,mStock,reports@mstock.com,2026-03-19T00:34:20.480372,71.7
mStock__MA1749301_20260102_COMBINED_MARGIN_STATEMENT.pdf,mStock,reports@mstock.com,2026-03-19T00:34:22.051148,43.8
mStock__MA1749301_20260102_COMBINED_MARGIN_STATEMENT_1773860662.pdf,mStock,reports@mstock.com,2026-03-19T00:34:22.063926,43.8
mStock__MA1749301_TRD_20260102_COMBINEDRETAIN.PDF,mStock,reports@mstock.com,2026-03-19T00:34:22.742858,82.6
mStock__MA1749301_TRD_20260102_COMBINEDRETAIN_1773860662.PDF,mStock,reports@mstock.com,2026-03-19T00:34:22.754910,82.6
mStock__COMM_CONTRACT_20260105_MA1749301_6895805.pdf,mStock,reports@mstock.com,2026-03-19T00:34:26.354469,75.9
mStock__COMM_CONTRACT_20260105_MA1749301_6895805_1773860666.pdf,mStock,reports@mstock.com,2026-03-19T00:34:26.368920,75.9
mStock__TRANSACTION_1209290007874515_20251231.pdf,mStock,reports@mstock.com,2026-03-19T00:34:27.094852,58.7
mStock__TRANSACTION_1209290007874515_20251231_1773860667.pdf,mStock,reports@mstock.com,2026-03-19T00:34:27.106028,58.7
mStock__MA1749301_20260105_COMBINED_MARGIN_STATEMENT.pdf,mStock,reports@mstock.com,2026-03-19T00:34:27.727794,43.8
mStock__MA1749301_20260105_COMBINED_MARGIN_STATEMENT_1773860667.pdf,mStock,reports@mstock.com,2026-03-19T00:34:27.739640,43.8
mStock__COMM_CONTRACT_20260106_MA1749301_6929432.pdf,mStock,reports@mstock.com,2026-03-19T00:34:29.356907,75.9
mStock__COMM_CONTRACT_20260106_MA1749301_6929432_1773860669.pdf,mStock,reports@mstock.com,2026-03-19T00:34:29.368387,75.9
mStock__MA1749301_20260106_COMBINED_MARGIN_STATEMENT.pdf,mStock,reports@mstock.com,2026-03-19T00:34:29.913562,44.5
mStock__MA1749301_20260106_COMBINED_MARGIN_STATEMENT_1773860669.pdf,mStock,reports@mstock.com,2026-03-19T00:34:29.925630,44.5
mStock__COMM_CONTRACT_20260107_MA1749301_6964185.pdf,mStock,reports@mstock.com,2026-03-19T00:34:30.729372,83.5
mStock__COMM_CONTRACT_20260107_MA1749301_6964185_1773860670.pdf,mStock,reports@mstock.com,2026-03-19T00:34:30.742685,83.5
mStock__MA1749301_20260107_COMBINED_MARGIN_STATEMENT.pdf,mStock,reports@mstock.com,2026-03-19T00:34:31.272172,44.5
mStock__MA1749301_20260107_COMBINED_MARGIN_STATEMENT_1773860671.pdf,mStock,reports@mstock.com,2026-03-19T00:34:31.282536,44.5
mStock__COMM_CONTRACT_20260108_MA1749301_6997990.pdf,mStock,reports@mstock.com,2026-03-19T00:34:34.407341,75.8
mStock__COMM_CONTRACT_20260108_MA1749301_6997990_1773860674.pdf,mStock,reports@mstock.com,2026-03-19T00:34:34.421746,75.8
mStock__MA1749301_20260108_COMBINED_MARGIN_STATEMENT.pdf,mStock,reports@mstock.com,2026-03-19T00:34:35.061586,43.8
mStock__MA1749301_20260108_COMBINED_MARGIN_STATEMENT_1773860675.pdf,mStock,reports@mstock.com,2026-03-19T00:34:35.073506,43.8
mStock__COMM_CONTRACT_20260109_MA1749301_7033739.pdf,mStock,reports@mstock.com,2026-03-19T00:34:36.311648,85.7
mStock__COMM_CONTRACT_20260109_MA1749301_7033739_1773860676.pdf,mStock,reports@mstock.com,2026-03-19T00:34:36.323895,85.7
mStock__MA1749301_20260109_COMBINED_MARGIN_STATEMENT.pdf,mStock,reports@mstock.com,2026-03-19T00:34:37.071326,44.5
mStock__MA1749301_20260109_COMBINED_MARGIN_STATEMENT_1773860677.pdf,mStock,reports@mstock.com,2026-03-19T00:34:37.083609,44.5
mStock__TRANSACTION_1209290007874515_20251231_1773860678.pdf,mStock,reports@mstock.com,2026-03-19T00:34:38.222163,62.3
mStock__COMM_CONTRACT_20260112_MA1749301_7067524.pdf,mStock,reports@mstock.com,2026-03-19T00:34:42.621881,79.4
mStock__COMM_CONTRACT_20260112_MA1749301_7067524_1773860682.pdf,mStock,reports@mstock.com,2026-03-19T00:34:42.634487,79.4
mStock__MA1749301_20260112_COMBINED_MARGIN_STATEMENT.pdf,mStock,reports@mstock.com,2026-03-19T00:34:43.261343,43.8
mStock__MA1749301_20260112_COMBINED_MARGIN_STATEMENT_1773860683.pdf,mStock,reports@mstock.com,2026-03-19T00:34:43.273783,43.8
mStock__MA1749301_20260112_COMBINED_MARGIN_STATEMENT_1773860684.pdf,mStock,reports@mstock.com,2026-03-19T00:34:44.075376,43.8
mStock__COMM_CONTRACT_20260113_MA1749301_7102225.pdf,mStock,reports@mstock.com,2026-03-19T00:34:46.154773,81.5
mStock__COMM_CONTRACT_20260113_MA1749301_7102225_1773860686.pdf,mStock,reports@mstock.com,2026-03-19T00:34:46.167307,81.5
mStock__MA1749301_20260113_COMBINED_MARGIN_STATEMENT.pdf,mStock,reports@mstock.com,2026-03-19T00:34:46.809129,43.8
mStock__MA1749301_20260113_COMBINED_MARGIN_STATEMENT_1773860686.pdf,mStock,reports@mstock.com,2026-03-19T00:34:46.824686,43.8
mStock__COMM_CONTRACT_20260114_MA1749301_7137077.pdf,mStock,reports@mstock.com,2026-03-19T00:34:47.637512,83.2
mStock__COMM_CONTRACT_20260114_MA1749301_7137077_1773860687.pdf,mStock,reports@mstock.com,2026-03-19T00:34:47.650297,83.2
mStock__MA1749301_20260114_COMBINED_MARGIN_STATEMENT.pdf,mStock,reports@mstock.com,2026-03-19T00:34:48.256233,44.5
mStock__MA1749301_20260114_COMBINED_MARGIN_STATEMENT_1773860688.pdf,mStock,reports@mstock.com,2026-03-19T00:34:48.268500,44.5
mStock__COMM_CONTRACT_20260116_MA1749301_7170744.pdf,mStock,reports@mstock.com,2026-03-19T00:34:51.729262,84.7
mStock__COMM_CONTRACT_20260116_MA1749301_7170744_1773860691.pdf,mStock,reports@mstock.com,2026-03-19T00:34:51.742510,84.7
mStock__MA1749301_20260116_COMBINED_MARGIN_STATEMENT.pdf,mStock,reports@mstock.com,2026-03-19T00:34:52.427225,44.5
mStock__MA1749301_20260116_COMBINED_MARGIN_STATEMENT_1773860692.pdf,mStock,reports@mstock.com,2026-03-19T00:34:52.439691,44.5
mStock__COMM_CONTRACT_20260119_MA1749301_7205953.pdf,mStock,reports@mstock.com,2026-03-19T00:34:54.829686,81.0
mStock__COMM_CONTRACT_20260119_MA1749301_7205953_1773860694.pdf,mStock,reports@mstock.com,2026-03-19T00:34:54.847600,81.0
mStock__MA1749301_20260119_COMBINED_MARGIN_STATEMENT.pdf,mStock,reports@mstock.com,2026-03-19T00:34:55.433779,44.5
mStock__MA1749301_20260119_COMBINED_MARGIN_STATEMENT_1773860695.pdf,mStock,reports@mstock.com,2026-03-19T00:34:55.450505,44.5
mStock__COMM_CONTRACT_20260120_MA1749301_7242411.pdf,mStock,reports@mstock.com,2026-03-19T00:34:57.025227,88.0
mStock__COMM_CONTRACT_20260120_MA1749301_7242411_1773860697.pdf,mStock,reports@mstock.com,2026-03-19T00:34:57.038418,88.0
mStock__MA1749301_20260120_COMBINED_MARGIN_STATEMENT.pdf,mStock,reports@mstock.com,2026-03-19T00:34:59.818130,44.5
mStock__MA1749301_20260120_COMBINED_MARGIN_STATEMENT_1773860699.pdf,mStock,reports@mstock.com,2026-03-19T00:34:59.837714,44.5
mStock__COMM_CONTRACT_20260121_MA1749301_7279705.pdf,mStock,reports@mstock.com,2026-03-19T00:35:00.503351,81.3
mStock__COMM_CONTRACT_20260121_MA1749301_7279705_1773860700.pdf,mStock,reports@mstock.com,2026-03-19T00:35:00.521501,81.3
mStock__MA1749301_20260121_COMBINED_MARGIN_STATEMENT.pdf,mStock,reports@mstock.com,2026-03-19T00:35:01.075620,43.8
mStock__MA1749301_20260121_COMBINED_MARGIN_STATEMENT_1773860701.pdf,mStock,reports@mstock.com,2026-03-19T00:35:01.093688,43.8
mStock__COMM_CONTRACT_20260122_MA1749301_7315112.pdf,mStock,reports@mstock.com,2026-03-19T00:35:01.857927,87.7
mStock__COMM_CONTRACT_20260122_MA1749301_7315112_1773860701.pdf,mStock,reports@mstock.com,2026-03-19T00:35:01.879780,87.7
mStock__MA1749301_20260122_COMBINED_MARGIN_STATEMENT.pdf,mStock,reports@mstock.com,2026-03-19T00:35:02.576625,44.5
mStock__MA1749301_20260122_COMBINED_MARGIN_STATEMENT_1773860702.pdf,mStock,reports@mstock.com,2026-03-19T00:35:02.589872,44.5
mStock__COMM_CONTRACT_20260123_MA1749301_7350312.pdf,mStock,reports@mstock.com,2026-03-19T00:35:03.247896,85.7
mStock__COMM_CONTRACT_20260123_MA1749301_7350312_1773860703.pdf,mStock,reports@mstock.com,2026-03-19T00:35:03.262810,85.7
mStock__MA1749301_20260123_COMBINED_MARGIN_STATEMENT.pdf,mStock,reports@mstock.com,2026-03-19T00:35:03.905742,43.8
mStock__MA1749301_20260123_COMBINED_MARGIN_STATEMENT_1773860703.pdf,mStock,reports@mstock.com,2026-03-19T00:35:03.918178,43.8
mStock__COMM_CONTRACT_20260127_MA1749301_7384816.pdf,mStock,reports@mstock.com,2026-03-19T00:35:08.779862,109.7
mStock__COMM_CONTRACT_20260127_MA1749301_7384816_1773860708.pdf,mStock,reports@mstock.com,2026-03-19T00:35:08.793796,109.7
mStock__MA1749301_20260127_COMBINED_MARGIN_STATEMENT.pdf,mStock,reports@mstock.com,2026-03-19T00:35:09.431278,44.5
mStock__MA1749301_20260127_COMBINED_MARGIN_STATEMENT_1773860709.pdf,mStock,reports@mstock.com,2026-03-19T00:35:09.443932,44.5
mStock__COMM_CONTRACT_20260128_MA1749301_7420520.pdf,mStock,reports@mstock.com,2026-03-19T00:35:10.891424,103.0
mStock__COMM_CONTRACT_20260128_MA1749301_7420520_1773860710.pdf,mStock,reports@mstock.com,2026-03-19T00:35:10.904398,103.0
mStock__MA1749301_20260128_COMBINED_MARGIN_STATEMENT.pdf,mStock,reports@mstock.com,2026-03-19T00:35:11.467671,44.5
mStock__MA1749301_20260128_COMBINED_MARGIN_STATEMENT_1773860711.pdf,mStock,reports@mstock.com,2026-03-19T00:35:11.480226,44.5
mStock__COMM_CONTRACT_20260129_MA1749301_7455596.pdf,mStock,reports@mstock.com,2026-03-19T00:35:12.390021,75.4
mStock__COMM_CONTRACT_20260129_MA1749301_7455596_1773860712.pdf,mStock,reports@mstock.com,2026-03-19T00:35:12.403035,75.4
mStock__MA1749301_20260129_COMBINED_MARGIN_STATEMENT.pdf,mStock,reports@mstock.com,2026-03-19T00:35:13.007638,43.8
mStock__MA1749301_20260129_COMBINED_MARGIN_STATEMENT_1773860713.pdf,mStock,reports@mstock.com,2026-03-19T00:35:13.019948,43.8
mStock__COMM_CONTRACT_20260130_MA1749301_7490981.pdf,mStock,reports@mstock.com,2026-03-19T00:35:17.013670,83.6
mStock__COMM_CONTRACT_20260130_MA1749301_7490981_1773860717.pdf,mStock,reports@mstock.com,2026-03-19T00:35:17.027134,83.6
mStock__MA1749301_20260130_COMBINED_MARGIN_STATEMENT.pdf,mStock,reports@mstock.com,2026-03-19T00:35:18.750467,43.8
mStock__MA1749301_20260130_COMBINED_MARGIN_STATEMENT_1773860718.pdf,mStock,reports@mstock.com,2026-03-19T00:35:18.764388,43.8
mStock__COMM_CONTRACT_20260201_MA1749301_7525012.pdf,mStock,reports@mstock.com,2026-03-19T00:35:20.697121,128.7
mStock__COMM_CONTRACT_20260201_MA1749301_7525012_1773860720.pdf,mStock,reports@mstock.com,2026-03-19T00:35:20.710450,128.7
mStock__MA1749301_20260201_COMBINED_MARGIN_STATEMENT.pdf,mStock,reports@mstock.com,2026-03-19T00:35:21.292638,44.5
mStock__MA1749301_20260201_COMBINED_MARGIN_STATEMENT_1773860721.pdf,mStock,reports@mstock.com,2026-03-19T00:35:21.305054,44.5
mStock__COMM_CONTRACT_20260202_MA1749301_7560407.pdf,mStock,reports@mstock.com,2026-03-19T00:35:22.396948,73.4
mStock__COMM_CONTRACT_20260202_MA1749301_7560407_1773860722.pdf,mStock,reports@mstock.com,2026-03-19T00:35:22.409740,73.4
mStock__TRANSACTION_1209290007874515_20260131.pdf,mStock,reports@mstock.com,2026-03-19T00:35:25.867830,62.2
mStock__TRANSACTION_1209290007874515_20260131_1773860725.pdf,mStock,reports@mstock.com,2026-03-19T00:35:25.881189,62.2
mStock__MA1749301_20260202_COMBINED_MARGIN_STATEMENT.pdf,mStock,reports@mstock.com,2026-03-19T00:35:26.449925,43.8
mStock__MA1749301_20260202_COMBINED_MARGIN_STATEMENT_1773860726.pdf,mStock,reports@mstock.com,2026-03-19T00:35:26.463548,43.8
mStock__COMM_CONTRACT_20260203_MA1749301_7597246.pdf,mStock,reports@mstock.com,2026-03-19T00:35:27.968853,88.3
mStock__COMM_CONTRACT_20260203_MA1749301_7597246_1773860727.pdf,mStock,reports@mstock.com,2026-03-19T00:35:27.982094,88.3
mStock__MA1749301_20260203_COMBINED_MARGIN_STATEMENT.pdf,mStock,reports@mstock.com,2026-03-19T00:35:28.537050,44.5
mStock__MA1749301_20260203_COMBINED_MARGIN_STATEMENT_1773860728.pdf,mStock,reports@mstock.com,2026-03-19T00:35:28.550260,44.5
mStock__COMM_CONTRACT_20260204_MA1749301_7636268.pdf,mStock,reports@mstock.com,2026-03-19T00:35:29.294258,81.3
mStock__COMM_CONTRACT_20260204_MA1749301_7636268_1773860729.pdf,mStock,reports@mstock.com,2026-03-19T00:35:29.306543,81.3
mStock__MA1749301_20260204_COMBINED_MARGIN_STATEMENT.pdf,mStock,reports@mstock.com,2026-03-19T00:35:29.883126,44.5
mStock__MA1749301_20260204_COMBINED_MARGIN_STATEMENT_1773860729.pdf,mStock,reports@mstock.com,2026-03-19T00:35:29.897504,44.5
mStock__COMM_CONTRACT_20260205_MA1749301_7671657.pdf,mStock,reports@mstock.com,2026-03-19T00:35:30.717095,84.4
mStock__COMM_CONTRACT_20260205_MA1749301_7671657_1773860730.pdf,mStock,reports@mstock.com,2026-03-19T00:35:30.736523,84.4
mStock__MA1749301_20260205_COMBINED_MARGIN_STATEMENT.pdf,mStock,reports@mstock.com,2026-03-19T00:35:31.353169,43.8
mStock__MA1749301_20260205_COMBINED_MARGIN_STATEMENT_1773860731.pdf,mStock,reports@mstock.com,2026-03-19T00:35:31.375516,43.8
mStock__COMM_CONTRACT_20260206_MA1749301_7706004.pdf,mStock,reports@mstock.com,2026-03-19T00:35:35.106988,81.5
mStock__COMM_CONTRACT_20260206_MA1749301_7706004_1773860735.pdf,mStock,reports@mstock.com,2026-03-19T00:35:35.130990,81.5
mStock__MA1749301_20260206_COMBINED_MARGIN_STATEMENT.pdf,mStock,reports@mstock.com,2026-03-19T00:35:36.525747,44.5
mStock__MA1749301_20260206_COMBINED_MARGIN_STATEMENT_1773860736.pdf,mStock,reports@mstock.com,2026-03-19T00:35:36.548798,44.5
mStock__COMM_CONTRACT_20260209_MA1749301_7738315.pdf,mStock,reports@mstock.com,2026-03-19T00:35:37.868630,90.9
mStock__COMM_CONTRACT_20260209_MA1749301_7738315_1773860737.pdf,mStock,reports@mstock.com,2026-03-19T00:35:37.881929,90.9
mStock__MA1749301_20260209_COMBINED_MARGIN_STATEMENT.pdf,mStock,reports@mstock.com,2026-03-19T00:35:38.511429,44.5
mStock__MA1749301_20260209_COMBINED_MARGIN_STATEMENT_1773860738.pdf,mStock,reports@mstock.com,2026-03-19T00:35:38.525081,44.5
mStock__COMM_CONTRACT_20260210_MA1749301_7773251.pdf,mStock,reports@mstock.com,2026-03-19T00:35:39.945323,76.5
mStock__COMM_CONTRACT_20260210_MA1749301_7773251_1773860739.pdf,mStock,reports@mstock.com,2026-03-19T00:35:39.962810,76.5
mStock__MA1749301_20260210_COMBINED_MARGIN_STATEMENT.pdf,mStock,reports@mstock.com,2026-03-19T00:35:40.517993,43.8
mStock__MA1749301_20260210_COMBINED_MARGIN_STATEMENT_1773860740.pdf,mStock,reports@mstock.com,2026-03-19T00:35:40.537983,43.8
mStock__COMM_CONTRACT_20260211_MA1749301_7809279.pdf,mStock,reports@mstock.com,2026-03-19T00:35:41.216070,76.1
mStock__COMM_CONTRACT_20260211_MA1749301_7809279_1773860741.pdf,mStock,reports@mstock.com,2026-03-19T00:35:41.229301,76.1
mStock__MA1749301_20260211_COMBINED_MARGIN_STATEMENT.pdf,mStock,reports@mstock.com,2026-03-19T00:35:44.342079,43.8
mStock__MA1749301_20260211_COMBINED_MARGIN_STATEMENT_1773860744.pdf,mStock,reports@mstock.com,2026-03-19T00:35:44.356440,43.8
mStock__COMM_CONTRACT_20260212_MA1749301_7842581.pdf,mStock,reports@mstock.com,2026-03-19T00:35:45.361511,81.1
mStock__COMM_CONTRACT_20260212_MA1749301_7842581_1773860745.pdf,mStock,reports@mstock.com,2026-03-19T00:35:45.375260,81.1
mStock__MA1749301_20260212_COMBINED_MARGIN_STATEMENT.pdf,mStock,reports@mstock.com,2026-03-19T00:35:45.993753,44.5
mStock__MA1749301_20260212_COMBINED_MARGIN_STATEMENT_1773860746.pdf,mStock,reports@mstock.com,2026-03-19T00:35:46.006250,44.5
mStock__COMM_CONTRACT_20260216_MA1749301_7911464.pdf,mStock,reports@mstock.com,2026-03-19T00:35:52.585383,76.1
mStock__COMM_CONTRACT_20260216_MA1749301_7911464_1773860752.pdf,mStock,reports@mstock.com,2026-03-19T00:35:52.601661,76.1
mStock__MA1749301_20260216_COMBINED_MARGIN_STATEMENT.pdf,mStock,reports@mstock.com,2026-03-19T00:35:53.207831,43.8
mStock__MA1749301_20260216_COMBINED_MARGIN_STATEMENT_1773860753.pdf,mStock,reports@mstock.com,2026-03-19T00:35:53.223501,43.8
mStock__COMM_CONTRACT_20260217_MA1749301_7944864.pdf,mStock,reports@mstock.com,2026-03-19T00:35:54.940270,105.6
mStock__COMM_CONTRACT_20260217_MA1749301_7944864_1773860754.pdf,mStock,reports@mstock.com,2026-03-19T00:35:54.956626,105.6
mStock__MA1749301_20260217_COMBINED_MARGIN_STATEMENT.pdf,mStock,reports@mstock.com,2026-03-19T00:35:55.482760,44.5
mStock__MA1749301_20260217_COMBINED_MARGIN_STATEMENT_1773860755.pdf,mStock,reports@mstock.com,2026-03-19T00:35:55.498674,44.5
mStock__COMM_CONTRACT_20260218_MA1749301_7979558.pdf,mStock,reports@mstock.com,2026-03-19T00:35:56.740703,79.9
mStock__COMM_CONTRACT_20260218_MA1749301_7979558_1773860756.pdf,mStock,reports@mstock.com,2026-03-19T00:35:56.753806,79.9
mStock__MA1749301_20260218_COMBINED_MARGIN_STATEMENT.pdf,mStock,reports@mstock.com,2026-03-19T00:35:57.559744,44.5
mStock__MA1749301_20260218_COMBINED_MARGIN_STATEMENT_1773860757.pdf,mStock,reports@mstock.com,2026-03-19T00:35:57.574734,44.5
mStock__COMM_CONTRACT_20260219_MA1749301_8012232.pdf,mStock,reports@mstock.com,2026-03-19T00:35:58.281101,86.5
mStock__COMM_CONTRACT_20260219_MA1749301_8012232_1773860758.pdf,mStock,reports@mstock.com,2026-03-19T00:35:58.294070,86.5
mStock__MA1749301_20260219_COMBINED_MARGIN_STATEMENT.pdf,mStock,reports@mstock.com,2026-03-19T00:36:01.172059,44.5
mStock__MA1749301_20260219_COMBINED_MARGIN_STATEMENT_1773860761.pdf,mStock,reports@mstock.com,2026-03-19T00:36:01.186097,44.5
mStock__COMM_CONTRACT_20260220_MA1749301_8045526.pdf,mStock,reports@mstock.com,2026-03-19T00:36:02.433782,90.2
mStock__COMM_CONTRACT_20260220_MA1749301_8045526_1773860762.pdf,mStock,reports@mstock.com,2026-03-19T00:36:02.448891,90.2
mStock__MA1749301_20260220_COMBINED_MARGIN_STATEMENT.pdf,mStock,reports@mstock.com,2026-03-19T00:36:02.997823,45.1
mStock__MA1749301_20260220_COMBINED_MARGIN_STATEMENT_1773860763.pdf,mStock,reports@mstock.com,2026-03-19T00:36:03.011599,45.1
mStock__COMM_CONTRACT_20260223_MA1749301_8077180.pdf,mStock,reports@mstock.com,2026-03-19T00:36:05.605794,73.4
mStock__COMM_CONTRACT_20260223_MA1749301_8077180_1773860765.pdf,mStock,reports@mstock.com,2026-03-19T00:36:05.619435,73.4
mStock__MA1749301_20260223_COMBINED_MARGIN_STATEMENT.pdf,mStock,reports@mstock.com,2026-03-19T00:36:06.364458,43.8
mStock__MA1749301_20260223_COMBINED_MARGIN_STATEMENT_1773860766.pdf,mStock,reports@mstock.com,2026-03-19T00:36:06.378457,43.8
mStock__COMM_CONTRACT_20260224_MA1749301_8111441.pdf,mStock,reports@mstock.com,2026-03-19T00:36:10.805453,79.3
mStock__COMM_CONTRACT_20260224_MA1749301_8111441_1773860770.pdf,mStock,reports@mstock.com,2026-03-19T00:36:10.820049,79.3
mStock__MA1749301_20260224_COMBINED_MARGIN_STATEMENT.pdf,mStock,reports@mstock.com,2026-03-19T00:36:11.482349,43.8
mStock__MA1749301_20260224_COMBINED_MARGIN_STATEMENT_1773860771.pdf,mStock,reports@mstock.com,2026-03-19T00:36:11.495216,43.8
mStock__COMM_CONTRACT_20260225_MA1749301_8147317.pdf,mStock,reports@mstock.com,2026-03-19T00:36:12.251752,71.7
mStock__COMM_CONTRACT_20260225_MA1749301_8147317_1773860772.pdf,mStock,reports@mstock.com,2026-03-19T00:36:12.265090,71.7
mStock__MA1749301_20260225_COMBINED_MARGIN_STATEMENT.pdf,mStock,reports@mstock.com,2026-03-19T00:36:12.955007,43.8
mStock__MA1749301_20260225_COMBINED_MARGIN_STATEMENT_1773860772.pdf,mStock,reports@mstock.com,2026-03-19T00:36:12.969759,43.8
mStock__COMM_CONTRACT_20260226_MA1749301_8180412.pdf,mStock,reports@mstock.com,2026-03-19T00:36:13.792768,74.2
mStock__COMM_CONTRACT_20260226_MA1749301_8180412_1773860773.pdf,mStock,reports@mstock.com,2026-03-19T00:36:13.806371,74.2
mStock__MA1749301_20260226_COMBINED_MARGIN_STATEMENT.pdf,mStock,reports@mstock.com,2026-03-19T00:36:14.415719,43.8
mStock__MA1749301_20260226_COMBINED_MARGIN_STATEMENT_1773860774.pdf,mStock,reports@mstock.com,2026-03-19T00:36:14.428987,43.8
mStock__COMM_CONTRACT_20260227_MA1749301_8213337.pdf,mStock,reports@mstock.com,2026-03-19T00:36:15.469617,73.4
mStock__COMM_CONTRACT_20260227_MA1749301_8213337_1773860775.pdf,mStock,reports@mstock.com,2026-03-19T00:36:15.483293,73.4
mStock__MA1749301_20260227_COMBINED_MARGIN_STATEMENT.pdf,mStock,reports@mstock.com,2026-03-19T00:36:17.022746,43.8
mStock__MA1749301_20260227_COMBINED_MARGIN_STATEMENT_1773860777.pdf,mStock,reports@mstock.com,2026-03-19T00:36:17.036366,43.8
mStock__COMM_CONTRACT_20260302_MA1749301_8246847.pdf,mStock,reports@mstock.com,2026-03-19T00:36:22.851764,79.7
mStock__COMM_CONTRACT_20260302_MA1749301_8246847_1773860782.pdf,mStock,reports@mstock.com,2026-03-19T00:36:22.867708,79.7
mStock__MA1749301_20260302_COMBINED_MARGIN_STATEMENT.pdf,mStock,reports@mstock.com,2026-03-19T00:36:23.566413,44.5
mStock__MA1749301_20260302_COMBINED_MARGIN_STATEMENT_1773860783.pdf,mStock,reports@mstock.com,2026-03-19T00:36:23.582429,44.5
mStock__COMM_CONTRACT_20260304_MA1749301_8284606.pdf,mStock,reports@mstock.com,2026-03-19T00:36:24.871773,71.3
mStock__COMM_CONTRACT_20260304_MA1749301_8284606_1773860784.pdf,mStock,reports@mstock.com,2026-03-19T00:36:24.891665,71.3
mStock__MA1749301_20260304_COMBINED_MARGIN_STATEMENT.pdf,mStock,reports@mstock.com,2026-03-19T00:36:25.476023,43.8
mStock__MA1749301_20260304_COMBINED_MARGIN_STATEMENT_1773860785.pdf,mStock,reports@mstock.com,2026-03-19T00:36:25.492667,43.8
mStock__COMM_CONTRACT_20260305_MA1749301_8318615.pdf,mStock,reports@mstock.com,2026-03-19T00:36:26.245756,75.7
mStock__COMM_CONTRACT_20260305_MA1749301_8318615_1773860786.pdf,mStock,reports@mstock.com,2026-03-19T00:36:26.259842,75.7
mStock__TRANSACTION_1209290007874515_20260228.pdf,mStock,reports@mstock.com,2026-03-19T00:36:26.953151,58.8
mStock__TRANSACTION_1209290007874515_20260228_1773860786.pdf,mStock,reports@mstock.com,2026-03-19T00:36:26.968694,58.8
mStock__MA1749301_20260305_COMBINED_MARGIN_STATEMENT.pdf,mStock,reports@mstock.com,2026-03-19T00:36:27.606831,43.8
mStock__MA1749301_20260305_COMBINED_MARGIN_STATEMENT_1773860787.pdf,mStock,reports@mstock.com,2026-03-19T00:36:27.620565,43.8
mStock__COMM_CONTRACT_20260306_MA1749301_8352337.pdf,mStock,reports@mstock.com,2026-03-19T00:36:28.863982,74.1
mStock__COMM_CONTRACT_20260306_MA1749301_8352337_1773860788.pdf,mStock,reports@mstock.com,2026-03-19T00:36:28.877812,74.1
mStock__MA1749301_20260306_COMBINED_MARGIN_STATEMENT.pdf,mStock,reports@mstock.com,2026-03-19T00:36:31.946136,44.5
mStock__MA1749301_20260306_COMBINED_MARGIN_STATEMENT_1773860791.pdf,mStock,reports@mstock.com,2026-03-19T00:36:31.959990,44.5
mStock__COMM_CONTRACT_20260309_MA1749301_8383705.pdf,mStock,reports@mstock.com,2026-03-19T00:36:34.378662,74.1
mStock__COMM_CONTRACT_20260309_MA1749301_8383705_1773860794.pdf,mStock,reports@mstock.com,2026-03-19T00:36:34.393813,74.1
mStock__MA1749301_20260309_COMBINED_MARGIN_STATEMENT.pdf,mStock,reports@mstock.com,2026-03-19T00:36:34.931594,43.8
mStock__MA1749301_20260309_COMBINED_MARGIN_STATEMENT_1773860794.pdf,mStock,reports@mstock.com,2026-03-19T00:36:34.944480,43.8
mStock__COMM_CONTRACT_20260310_MA1749301_8417526.pdf,mStock,reports@mstock.com,2026-03-19T00:36:37.181163,85.5
mStock__COMM_CONTRACT_20260310_MA1749301_8417526_1773860797.pdf,mStock,reports@mstock.com,2026-03-19T00:36:37.194962,85.5
mStock__MA1749301_20260310_COMBINED_MARGIN_STATEMENT.pdf,mStock,reports@mstock.com,2026-03-19T00:36:40.221270,43.8
mStock__MA1749301_20260310_COMBINED_MARGIN_STATEMENT_1773860800.pdf,mStock,reports@mstock.com,2026-03-19T00:36:40.234911,43.8
mStock__COMM_CONTRACT_20260311_MA1749301_8451279.pdf,mStock,reports@mstock.com,2026-03-19T00:36:41.021985,83.3
mStock__COMM_CONTRACT_20260311_MA1749301_8451279_1773860801.pdf,mStock,reports@mstock.com,2026-03-19T00:36:41.038396,83.3
mStock__MA1749301_20260311_COMBINED_MARGIN_STATEMENT.pdf,mStock,reports@mstock.com,2026-03-19T00:36:41.644317,44.5
mStock__MA1749301_20260311_COMBINED_MARGIN_STATEMENT_1773860801.pdf,mStock,reports@mstock.com,2026-03-19T00:36:41.658441,44.5
mStock__COMM_CONTRACT_20260312_MA1749301_8483244.pdf,mStock,reports@mstock.com,2026-03-19T00:36:42.413984,74.5
mStock__COMM_CONTRACT_20260312_MA1749301_8483244_1773860802.pdf,mStock,reports@mstock.com,2026-03-19T00:36:42.428450,74.5
mStock__MA1749301_20260312_COMBINED_MARGIN_STATEMENT.pdf,mStock,reports@mstock.com,2026-03-19T00:36:42.959770,43.8
mStock__MA1749301_20260312_COMBINED_MARGIN_STATEMENT_1773860802.pdf,mStock,reports@mstock.com,2026-03-19T00:36:42.973517,43.8
mStock__COMM_CONTRACT_20260313_MA1749301_8516119.pdf,mStock,reports@mstock.com,2026-03-19T00:36:43.667798,81.3
mStock__COMM_CONTRACT_20260313_MA1749301_8516119_1773860803.pdf,mStock,reports@mstock.com,2026-03-19T00:36:43.682027,81.3
mStock__MA1749301_20260313_COMBINED_MARGIN_STATEMENT.pdf,mStock,reports@mstock.com,2026-03-19T00:36:44.238302,44.5
mStock__MA1749301_20260313_COMBINED_MARGIN_STATEMENT_1773860804.pdf,mStock,reports@mstock.com,2026-03-19T00:36:44.252555,44.5
mStock__COMM_CONTRACT_20260316_MA1749301_8548635.pdf,mStock,reports@mstock.com,2026-03-19T00:36:49.011167,100.3
mStock__COMM_CONTRACT_20260316_MA1749301_8548635_1773860809.pdf,mStock,reports@mstock.com,2026-03-19T00:36:49.029030,100.3
mStock__MA1749301_20260316_COMBINED_MARGIN_STATEMENT.pdf,mStock,reports@mstock.com,2026-03-19T00:36:49.767003,44.5
mStock__MA1749301_20260316_COMBINED_MARGIN_STATEMENT_1773860809.pdf,mStock,reports@mstock.com,2026-03-19T00:36:49.781982,44.5
mStock__COMM_CONTRACT_20260317_MA1749301_8580696.pdf,mStock,reports@mstock.com,2026-03-19T00:36:51.218790,88.2
mStock__COMM_CONTRACT_20260317_MA1749301_8580696_1773860811.pdf,mStock,reports@mstock.com,2026-03-19T00:36:51.233947,88.2
mStock__MA1749301_20260317_COMBINED_MARGIN_STATEMENT.pdf,mStock,reports@mstock.com,2026-03-19T00:36:51.833584,44.5
mStock__MA1749301_20260317_COMBINED_MARGIN_STATEMENT_1773860811.pdf,mStock,reports@mstock.com,2026-03-19T00:36:51.848195,44.5
mStock__COMM_CONTRACT_20260318_MA1749301_8612846.pdf,mStock,reports@mstock.com,2026-03-19T00:36:55.740676,89.2
mStock__COMM_CONTRACT_20260318_MA1749301_8612846_1773860815.pdf,mStock,reports@mstock.com,2026-03-19T00:36:55.756610,89.2
Groww__CONTRACT NOTE 4810259443.pdf,Groww,groww,2026-03-19T00:37:39.006467,390.6
Groww__CONTRACT NOTE 4810259443_1773860859.pdf,Groww,groww,2026-03-19T00:37:39.022655,390.6
Groww__CONTRACT NOTE 4810259443_1773860860.pdf,Groww,groww,2026-03-19T00:37:40.616956,305.5
Groww__DAILY MARGIN STATEMENT 4810259443.pdf,Groww,groww,2026-03-19T00:37:41.328660,82.9
Groww__DAILY MARGIN STATEMENT 4810259443_1773860861.pdf,Groww,groww,2026-03-19T00:37:41.345217,82.9
Groww__CFL_19012026_25012026.pdf,Groww,groww,2026-03-19T00:37:46.755910,42.3
Groww__CFL_19012026_25012026_1773860866.pdf,Groww,groww,2026-03-19T00:37:46.773688,42.3
Groww__CONTRACT NOTE 4810259443_1773860875.pdf,Groww,groww,2026-03-19T00:37:55.248293,305.4
Groww__CONTRACT NOTE 4810259443_1773860877.pdf,Groww,groww,2026-03-19T00:37:57.244106,305.0
Groww__CONTRACT NOTE 4810259443_1773860881.pdf,Groww,groww,2026-03-19T00:38:01.946200,307.2
Groww__CONTRACT NOTE 4810259443_1773860883.pdf,Groww,groww,2026-03-19T00:38:03.701863,305.6
Groww__CONTRACT NOTE 4810259443_1773860885.pdf,Groww,groww,2026-03-19T00:38:05.174812,305.4
Groww__CONTRACT NOTE 4810259443_1773860886.pdf,Groww,groww,2026-03-19T00:38:06.224661,305.5
Groww__CONTRACT NOTE 4810259443_1773860887.pdf,Groww,groww,2026-03-19T00:38:07.704832,306.1
Groww__tchs_1208870209763611_JANUARY.pdf,Groww,groww,2026-03-19T00:38:08.489036,102.4
Groww__tchs_1208870209763611_JANUARY_1773860888.pdf,Groww,groww,2026-03-19T00:38:08.501913,102.4
Groww__CFL_02022026_08022026.pdf,Groww,groww,2026-03-19T00:38:11.963147,42.8
Groww__CFL_02022026_08022026_1773860891.pdf,Groww,groww,2026-03-19T00:38:11.986351,42.8
Groww__CONTRACT NOTE 4810259443_1773860893.pdf,Groww,groww,2026-03-19T00:38:13.198823,306.6
Groww__CONTRACT NOTE 4810259443_1773860895.pdf,Groww,groww,2026-03-19T00:38:15.548729,305.9
Groww__CONTRACT NOTE 4810259443_1773860896.pdf,Groww,groww,2026-03-19T00:38:16.963370,305.5
Groww__CONTRACT NOTE 4810259443_1773860901.pdf,Groww,groww,2026-03-19T00:38:21.839335,305.0
Groww__Contract_Note_4810259443_13-Feb-2026.pdf,Groww,groww,2026-03-19T00:38:23.087276,306.0
Groww__Contract_Note_4810259443_13-Feb-2026_1773860903.pdf,Groww,groww,2026-03-19T00:38:23.104064,306.0
Groww__CFL_09022026_15022026.pdf,Groww,groww,2026-03-19T00:38:25.754173,42.6
Groww__CFL_09022026_15022026_1773860905.pdf,Groww,groww,2026-03-19T00:38:25.769434,42.6
Groww__Contract_Note_4810259443_16-Feb-2026.pdf,Groww,groww,2026-03-19T00:38:27.320055,305.6
Groww__Contract_Note_4810259443_16-Feb-2026_1773860907.pdf,Groww,groww,2026-03-19T00:38:27.340529,305.6
Groww__DAILY MARGIN STATEMENT 4810259443_1773860913.pdf,Groww,groww,2026-03-19T00:38:33.952974,83.6
Groww__Contract_Note_4810259443_17-Feb-2026.pdf,Groww,groww,2026-03-19T00:38:35.788382,306.6
Groww__Contract_Note_4810259443_17-Feb-2026_1773860915.pdf,Groww,groww,2026-03-19T00:38:35.808750,306.6
Groww__DAILY MARGIN STATEMENT 4810259443_1773860916.pdf,Groww,groww,2026-03-19T00:38:36.430676,83.6
Groww__Contract_Note_4810259443_18-Feb-2026.pdf,Groww,groww,2026-03-19T00:38:37.540983,306.1
Groww__Contract_Note_4810259443_18-Feb-2026_1773860917.pdf,Groww,groww,2026-03-19T00:38:37.559732,306.1
Groww__Contract_Note_4810259443_19-Feb-2026.pdf,Groww,groww,2026-03-19T00:38:39.783095,307.6
Groww__Contract_Note_4810259443_19-Feb-2026_1773860919.pdf,Groww,groww,2026-03-19T00:38:39.798904,307.6
Groww__DAILY MARGIN STATEMENT 4810259443_1773860922.pdf,Groww,groww,2026-03-19T00:38:42.871910,83.7
Groww__Contract_Note_4810259443_20-Feb-2026.pdf,Groww,groww,2026-03-19T00:38:44.049658,305.3
Groww__Contract_Note_4810259443_20-Feb-2026_1773860924.pdf,Groww,groww,2026-03-19T00:38:44.068607,305.3
Groww__CFL_16022026_22022026.pdf,Groww,groww,2026-03-19T00:38:45.920599,42.7
Groww__CFL_16022026_22022026_1773860925.pdf,Groww,groww,2026-03-19T00:38:45.935064,42.7
Groww__Contract_Note_4810259443_23-Feb-2026.pdf,Groww,groww,2026-03-19T00:38:46.972983,305.0
Groww__Contract_Note_4810259443_23-Feb-2026_1773860926.pdf,Groww,groww,2026-03-19T00:38:46.991395,305.0
Groww__Contract_Note_4810259443_24-Feb-2026.pdf,Groww,groww,2026-03-19T00:38:48.878642,305.6
Groww__Contract_Note_4810259443_24-Feb-2026_1773860928.pdf,Groww,groww,2026-03-19T00:38:48.895261,305.6
Groww__Contract_Note_4810259443_25-Feb-2026.pdf,Groww,groww,2026-03-19T00:38:53.202406,305.7
Groww__Contract_Note_4810259443_25-Feb-2026_1773860933.pdf,Groww,groww,2026-03-19T00:38:53.217708,305.7
Groww__DAILY MARGIN STATEMENT 4810259443_1773860934.pdf,Groww,groww,2026-03-19T00:38:54.523390,83.7
Groww__Contract_Note_4810259443_26-Feb-2026.pdf,Groww,groww,2026-03-19T00:38:57.181811,305.4
Groww__Contract_Note_4810259443_26-Feb-2026_1773860937.pdf,Groww,groww,2026-03-19T00:38:57.197651,305.4
Groww__Contract_Note_4810259443_27-Feb-2026.pdf,Groww,groww,2026-03-19T00:39:03.041276,305.6
Groww__Contract_Note_4810259443_27-Feb-2026_1773860943.pdf,Groww,groww,2026-03-19T00:39:03.057667,305.6
Groww__CFL_23022026_01032026.pdf,Groww,groww,2026-03-19T00:39:04.227384,42.4
Groww__CFL_23022026_01032026_1773860944.pdf,Groww,groww,2026-03-19T00:39:04.241415,42.4
Groww__DAILY MARGIN STATEMENT 4810259443_1773860945.pdf,Groww,groww,2026-03-19T00:39:05.159996,83.6
Groww__Contract_Note_4810259443_02-Mar-2026.pdf,Groww,groww,2026-03-19T00:39:06.932180,307.1
Groww__Contract_Note_4810259443_02-Mar-2026_1773860946.pdf,Groww,groww,2026-03-19T00:39:06.948835,307.1
Groww__DAILY MARGIN STATEMENT 4810259443_1773860950.pdf,Groww,groww,2026-03-19T00:39:10.285383,83.9
Groww__Contract_Note_4810259443_04-Mar-2026.pdf,Groww,groww,2026-03-19T00:39:12.713520,305.3
Groww__Contract_Note_4810259443_04-Mar-2026_1773860952.pdf,Groww,groww,2026-03-19T00:39:12.730152,305.3
Groww__Contract_Note_4810259443_05-Mar-2026.pdf,Groww,groww,2026-03-19T00:39:15.062965,307.3
Groww__Contract_Note_4810259443_05-Mar-2026_1773860955.pdf,Groww,groww,2026-03-19T00:39:15.079850,307.3
Groww__DAILY MARGIN STATEMENT 4810259443_1773860955.pdf,Groww,groww,2026-03-19T00:39:15.728505,83.7
Groww__Contract_Note_4810259443_06-Mar-2026.pdf,Groww,groww,2026-03-19T00:39:16.884788,305.7
Groww__Contract_Note_4810259443_06-Mar-2026_1773860956.pdf,Groww,groww,2026-03-19T00:39:16.901292,305.7
Groww__tchs_1208870209763611_FEBRUARY.pdf,Groww,groww,2026-03-19T00:39:20.308906,100.8
Groww__tchs_1208870209763611_FEBRUARY_1773860960.pdf,Groww,groww,2026-03-19T00:39:20.324850,100.8
Groww__DAILY MARGIN STATEMENT 4810259443_1773860962.pdf,Groww,groww,2026-03-19T00:39:22.178870,83.7
Groww__CFL_02032026_08032026.pdf,Groww,groww,2026-03-19T00:39:22.770840,42.6
Groww__CFL_02032026_08032026_1773860962.pdf,Groww,groww,2026-03-19T00:39:22.785545,42.6
Groww__Contract_Note_4810259443_09-Mar-2026.pdf,Groww,groww,2026-03-19T00:39:24.253036,305.1
Groww__Contract_Note_4810259443_09-Mar-2026_1773860964.pdf,Groww,groww,2026-03-19T00:39:24.270563,305.1
Groww__Contract_Note_4810259443_10-Mar-2026.pdf,Groww,groww,2026-03-19T00:39:26.094534,305.0
Groww__Contract_Note_4810259443_10-Mar-2026_1773860966.pdf,Groww,groww,2026-03-19T00:39:26.110838,305.0
Groww__Contract_Note_4810259443_11-Mar-2026.pdf,Groww,groww,2026-03-19T00:39:30.807661,306.3
Groww__Contract_Note_4810259443_11-Mar-2026_1773860970.pdf,Groww,groww,2026-03-19T00:39:30.824600,306.3
Groww__DAILY MARGIN STATEMENT 4810259443_1773860972.pdf,Groww,groww,2026-03-19T00:39:32.058859,83.7
Groww__Contract_Note_4810259443_12-Mar-2026.pdf,Groww,groww,2026-03-19T00:39:33.740274,306.6
Groww__Contract_Note_4810259443_12-Mar-2026_1773860973.pdf,Groww,groww,2026-03-19T00:39:33.759098,306.6
Groww__DAILY MARGIN STATEMENT 4810259443_1773860974.pdf,Groww,groww,2026-03-19T00:39:34.538995,83.7
Groww__Contract_Note_4810259443_13-Mar-2026.pdf,Groww,groww,2026-03-19T00:39:39.162627,307.2
Groww__Contract_Note_4810259443_13-Mar-2026_1773860979.pdf,Groww,groww,2026-03-19T00:39:39.179103,307.2
Groww__CFL_09032026_15032026.pdf,Groww,groww,2026-03-19T00:39:41.392470,42.8
Groww__CFL_09032026_15032026_1773860981.pdf,Groww,groww,2026-03-19T00:39:41.409047,42.8
Groww__DAILY MARGIN STATEMENT 4810259443_1773860982.pdf,Groww,groww,2026-03-19T00:39:42.080208,84.1
Groww__Contract_Note_4810259443_16-Mar-2026.pdf,Groww,groww,2026-03-19T00:39:43.149838,308.2
Groww__Contract_Note_4810259443_16-Mar-2026_1773860983.pdf,Groww,groww,2026-03-19T00:39:43.166698,308.2
Groww__DAILY MARGIN STATEMENT 4810259443_1773860984.pdf,Groww,groww,2026-03-19T00:39:44.282546,83.7
Groww__Contract_Note_4810259443_17-Mar-2026.pdf,Groww,groww,2026-03-19T00:39:48.208234,307.4
Groww__Contract_Note_4810259443_17-Mar-2026_1773860988.pdf,Groww,groww,2026-03-19T00:39:48.227711,307.4
Groww__DAILY MARGIN STATEMENT 4810259443_1773860989.pdf,Groww,groww,2026-03-19T00:39:49.532394,83.7
Groww__Contract_Note_4810259443_18-Mar-2026.pdf,Groww,groww,2026-03-19T00:39:50.635899,305.1
Groww__Contract_Note_4810259443_18-Mar-2026_1773860990.pdf,Groww,groww,2026-03-19T00:39:50.651606,305.1
mStock__MA1749301_20260224_COMBINED_MARGIN_STATEMENT_1773905677.pdf,mStock,reports@mstock.com,2026-03-19T13:04:37.549616,43.8
mStock__COMM_CONTRACT_20260225_MA1749301_8147317_1773905678.pdf,mStock,reports@mstock.com,2026-03-19T13:04:38.564442,71.7
mStock__MA1749301_20260225_COMBINED_MARGIN_STATEMENT_1773905679.pdf,mStock,reports@mstock.com,2026-03-19T13:04:39.271235,43.8
mStock__COMM_CONTRACT_20260226_MA1749301_8180412_1773905680.pdf,mStock,reports@mstock.com,2026-03-19T13:04:40.103324,74.2
mStock__MA1749301_20260226_COMBINED_MARGIN_STATEMENT_1773905680.pdf,mStock,reports@mstock.com,2026-03-19T13:04:40.723856,43.8
mStock__COMM_CONTRACT_20260227_MA1749301_8213337_1773905681.pdf,mStock,reports@mstock.com,2026-03-19T13:04:41.525151,73.4
mStock__MA1749301_20260227_COMBINED_MARGIN_STATEMENT_1773905682.pdf,mStock,reports@mstock.com,2026-03-19T13:04:42.883479,43.8
mStock__COMM_CONTRACT_20260302_MA1749301_8246847_1773905685.pdf,mStock,reports@mstock.com,2026-03-19T13:04:45.058492,79.7
mStock__MA1749301_20260302_COMBINED_MARGIN_STATEMENT_1773905688.pdf,mStock,reports@mstock.com,2026-03-19T13:04:48.504969,44.5
mStock__COMM_CONTRACT_20260304_MA1749301_8284606_1773905689.pdf,mStock,reports@mstock.com,2026-03-19T13:04:49.823526,71.3
mStock__MA1749301_20260304_COMBINED_MARGIN_STATEMENT_1773905690.pdf,mStock,reports@mstock.com,2026-03-19T13:04:50.443946,43.8
mStock__COMM_CONTRACT_20260305_MA1749301_8318615_1773905691.pdf,mStock,reports@mstock.com,2026-03-19T13:04:51.138331,75.7
mStock__TRANSACTION_1209290007874515_20260228_1773905691.pdf,mStock,reports@mstock.com,2026-03-19T13:04:51.842567,58.8
mStock__MA1749301_20260305_COMBINED_MARGIN_STATEMENT_1773905692.pdf,mStock,reports@mstock.com,2026-03-19T13:04:52.438367,43.8
mStock__COMM_CONTRACT_20260306_MA1749301_8352337_1773905693.pdf,mStock,reports@mstock.com,2026-03-19T13:04:53.652410,74.1
mStock__MA1749301_20260227_COMBINED_MARGIN_STATEMENT_1774247343.pdf,mStock,reports@mstock.com,2026-03-23T11:59:03.271762,43.8
mStock__COMM_CONTRACT_20260302_MA1749301_8246847_1774247344.pdf,mStock,reports@mstock.com,2026-03-23T11:59:04.791902,79.7
mStock__MA1749301_20260302_COMBINED_MARGIN_STATEMENT_1774247345.pdf,mStock,reports@mstock.com,2026-03-23T11:59:05.495381,44.5
mStock__COMM_CONTRACT_20260304_MA1749301_8284606_1774247347.pdf,mStock,reports@mstock.com,2026-03-23T11:59:07.065455,71.3
mStock__MA1749301_20260304_COMBINED_MARGIN_STATEMENT_1774247347.pdf,mStock,reports@mstock.com,2026-03-23T11:59:07.730407,43.8
mStock__COMM_CONTRACT_20260305_MA1749301_8318615_1774247348.pdf,mStock,reports@mstock.com,2026-03-23T11:59:08.487048,75.7
mStock__TRANSACTION_1209290007874515_20260228_1774247349.pdf,mStock,reports@mstock.com,2026-03-23T11:59:09.203629,58.8
mStock__MA1749301_20260305_COMBINED_MARGIN_STATEMENT_1774247352.pdf,mStock,reports@mstock.com,2026-03-23T11:59:12.763513,43.8
mStock__COMM_CONTRACT_20260306_MA1749301_8352337_1774247354.pdf,mStock,reports@mstock.com,2026-03-23T11:59:14.214683,74.1
mStock__MA1749301_20260306_COMBINED_MARGIN_STATEMENT_1774247354.pdf,mStock,reports@mstock.com,2026-03-23T11:59:14.984975,44.5
mStock__MA1749301_20260306_COMBINED_MARGIN_STATEMENT_1774247355.pdf,mStock,reports@mstock.com,2026-03-23T11:59:15.002031,44.5
mStock__COMM_CONTRACT_20260309_MA1749301_8383705_1774247357.pdf,mStock,reports@mstock.com,2026-03-23T11:59:17.254338,74.1
mStock__MA1749301_20260309_COMBINED_MARGIN_STATEMENT_1774247357.pdf,mStock,reports@mstock.com,2026-03-23T11:59:17.944344,43.8
mStock__COMM_CONTRACT_20260310_MA1749301_8417526_1774247363.pdf,mStock,reports@mstock.com,2026-03-23T11:59:23.084764,85.5
mStock__MA1749301_20260310_COMBINED_MARGIN_STATEMENT_1774247363.pdf,mStock,reports@mstock.com,2026-03-23T11:59:23.752280,43.8
mStock__COMM_CONTRACT_20260311_MA1749301_8451279_1774247364.pdf,mStock,reports@mstock.com,2026-03-23T11:59:24.514047,83.3
mStock__MA1749301_20260311_COMBINED_MARGIN_STATEMENT_1774247365.pdf,mStock,reports@mstock.com,2026-03-23T11:59:25.187394,44.5
mStock__COMM_CONTRACT_20260312_MA1749301_8483244_1774247365.pdf,mStock,reports@mstock.com,2026-03-23T11:59:25.964781,74.5
mStock__MA1749301_20260312_COMBINED_MARGIN_STATEMENT_1774247366.pdf,mStock,reports@mstock.com,2026-03-23T11:59:26.513487,43.8
mStock__COMM_CONTRACT_20260313_MA1749301_8516119_1774247367.pdf,mStock,reports@mstock.com,2026-03-23T11:59:27.225595,81.3
mStock__MA1749301_20260313_COMBINED_MARGIN_STATEMENT_1774247367.pdf,mStock,reports@mstock.com,2026-03-23T11:59:27.868434,44.5
mStock__COMM_CONTRACT_20260316_MA1749301_8548635_1774247372.pdf,mStock,reports@mstock.com,2026-03-23T11:59:32.773341,100.3
mStock__MA1749301_20260316_COMBINED_MARGIN_STATEMENT_1774247373.pdf,mStock,reports@mstock.com,2026-03-23T11:59:33.455729,44.5
mStock__COMM_CONTRACT_20260317_MA1749301_8580696_1774247374.pdf,mStock,reports@mstock.com,2026-03-23T11:59:34.647533,88.2
mStock__MA1749301_20260317_COMBINED_MARGIN_STATEMENT_1774247375.pdf,mStock,reports@mstock.com,2026-03-23T11:59:35.357496,44.5
mStock__COMM_CONTRACT_20260318_MA1749301_8612846_1774247384.pdf,mStock,reports@mstock.com,2026-03-23T11:59:44.580601,89.2
mStock__MA1749301_20260318_COMBINED_MARGIN_STATEMENT_1774247385.pdf,mStock,reports@mstock.com,2026-03-23T11:59:45.235060,44.3
mStock__COMM_CONTRACT_20260320_MA1749301_8676386.pdf,mStock,reports@mstock.com,2026-03-23T11:59:46.453127,77.3
mStock__COMM_CONTRACT_20260320_MA1749301_8676386_1774247386.pdf,mStock,reports@mstock.com,2026-03-23T11:59:46.466632,77.3
mStock__MA1749301_20260320_COMBINED_MARGIN_STATEMENT.pdf,mStock,reports@mstock.com,2026-03-23T11:59:47.889397,46.0
mStock__MA1749301_20260320_COMBINED_MARGIN_STATEMENT_1774247387.pdf,mStock,reports@mstock.com,2026-03-23T11:59:47.903427,46.0
Groww__Contract_Note_4810259443_04-Mar-2026_1774247393.pdf,Groww,groww,2026-03-23T11:59:53.296187,305.3
Groww__Contract_Note_4810259443_05-Mar-2026_1774247395.pdf,Groww,groww,2026-03-23T11:59:55.107550,307.3
Groww__DAILY MARGIN STATEMENT 4810259443_1774247395.pdf,Groww,groww,2026-03-23T11:59:55.760188,83.7
Groww__Contract_Note_4810259443_06-Mar-2026_1774247396.pdf,Groww,groww,2026-03-23T11:59:56.887404,305.7
Groww__tchs_1208870209763611_FEBRUARY_1774247397.pdf,Groww,groww,2026-03-23T11:59:57.985281,100.8
Groww__DAILY MARGIN STATEMENT 4810259443_1774247401.pdf,Groww,groww,2026-03-23T12:00:01.941993,83.7
Groww__CFL_02032026_08032026_1774247402.pdf,Groww,groww,2026-03-23T12:00:02.520005,42.6
Groww__Contract_Note_4810259443_09-Mar-2026_1774247403.pdf,Groww,groww,2026-03-23T12:00:03.780551,305.1
Groww__Contract_Note_4810259443_10-Mar-2026_1774247405.pdf,Groww,groww,2026-03-23T12:00:05.816589,305.0
Groww__Contract_Note_4810259443_11-Mar-2026_1774247408.pdf,Groww,groww,2026-03-23T12:00:08.331953,306.3
Groww__DAILY MARGIN STATEMENT 4810259443_1774247412.pdf,Groww,groww,2026-03-23T12:00:12.012082,83.7
Groww__Contract_Note_4810259443_12-Mar-2026_1774247413.pdf,Groww,groww,2026-03-23T12:00:13.674938,306.6
Groww__DAILY MARGIN STATEMENT 4810259443_1774247414.pdf,Groww,groww,2026-03-23T12:00:14.497698,83.7
Groww__Contract_Note_4810259443_13-Mar-2026_1774247416.pdf,Groww,groww,2026-03-23T12:00:16.420995,307.2
Groww__CFL_09032026_15032026_1774247420.pdf,Groww,groww,2026-03-23T12:00:20.911780,42.8
Groww__DAILY MARGIN STATEMENT 4810259443_1774247421.pdf,Groww,groww,2026-03-23T12:00:21.690908,84.1
Groww__Contract_Note_4810259443_16-Mar-2026_1774247422.pdf,Groww,groww,2026-03-23T12:00:22.949080,308.2
Groww__DAILY MARGIN STATEMENT 4810259443_1774247424.pdf,Groww,groww,2026-03-23T12:00:24.169519,83.7
Groww__Contract_Note_4810259443_17-Mar-2026_1774247425.pdf,Groww,groww,2026-03-23T12:00:25.749009,307.4
Groww__DAILY MARGIN STATEMENT 4810259443_1774247426.pdf,Groww,groww,2026-03-23T12:00:26.909399,83.7
Groww__Contract_Note_4810259443_18-Mar-2026_1774247428.pdf,Groww,groww,2026-03-23T12:00:28.071595,305.1
Groww__Contract_Note_4810259443_19-Mar-2026.pdf,Groww,groww,2026-03-23T12:00:33.208015,306.0
Groww__Contract_Note_4810259443_19-Mar-2026_1774247433.pdf,Groww,groww,2026-03-23T12:00:33.230060,306.0
Groww__Contract_Note_4810259443_20-Mar-2026.pdf,Groww,groww,2026-03-23T12:00:34.964234,306.8
Groww__Contract_Note_4810259443_20-Mar-2026_1774247434.pdf,Groww,groww,2026-03-23T12:00:34.980022,306.8
Groww__CFL_16032026_22032026.pdf,Groww,groww,2026-03-23T12:00:36.818057,42.8
Groww__CFL_16032026_22032026_1774247436.pdf,Groww,groww,2026-03-23T12:00:36.835287,42.8
Groww__DAILY MARGIN STATEMENT 4810259443_1774247437.pdf,Groww,groww,2026-03-23T12:00:37.504119,83.7
